datetime,Albuquerque
2012-10-01,285.47620774545453
2012-10-02,289.7718205041666
2012-10-03,291.2054166666666
2012-10-04,293.09625000000005
2012-10-05,292.8291666666667
2012-10-06,292.8854166666667
2012-10-07,288.7647916666666
2012-10-08,281.98749999999995
2012-10-09,284.5816666666667
2012-10-10,288.3966666666667
2012-10-11,287.1458333333333
2012-10-12,288.0579166666667
2012-10-13,290.3479166666666
2012-10-14,283.7816666666667
2012-10-15,284.55041666666665
2012-10-16,286.44666666666666
2012-10-17,288.27916666666664
2012-10-18,289.89208333333335
2012-10-19,287.75208333333336
2012-10-20,287.95958333333334
2012-10-21,288.1027083333333
2012-10-22,289.143125
2012-10-23,288.035
2012-10-24,288.4670833333334
2012-10-25,289.6489583333334
2012-10-26,284.10874999999993
2012-10-27,278.2920833333334
2012-10-28,277.50083333333333
2012-10-29,282.1529166666667
2012-10-30,284.9633333333333
2012-10-31,286.19958333333335
2012-11-01,285.7695833333333
2012-11-02,283.51375
2012-11-03,285.2945833333334
2012-11-04,284.38854166666664
2012-11-05,283.3454166666666
2012-11-06,285.6027083333334
2012-11-07,285.45625
2012-11-08,284.40666666666664
2012-11-09,284.37708333333336
2012-11-10,283.4458333333333
2012-11-11,280.71916666666664
2012-11-12,273.7425
2012-11-13,271.5604166666667
2012-11-14,274.31
2012-11-15,277.2779166666667
2012-11-16,278.3416666666665
2012-11-17,281.72125
2012-11-18,279.99854166666665
2012-11-19,281.2545833333333
2012-11-20,279.91333333333336
2012-11-21,280.24875000000003
2012-11-22,279.4441666666667
2012-11-23,280.4158333333333
2012-11-24,278.9808333333333
2012-11-25,278.2929166666667
2012-11-26,280.2039583333333
2012-11-27,280.45874999999995
2012-11-28,276.4604166666666
2012-11-29,278.90000000000003
2012-11-30,280.1558333333333
2012-12-01,280.14000000000004
2012-12-02,280.54687499999994
2012-12-03,280.4854166666667
2012-12-04,281.79437499999995
2012-12-05,279.4902083333333
2012-12-06,279.59583333333336
2012-12-07,281.25083333333333
2012-12-08,280.6145833333333
2012-12-09,279.44187500000004
2012-12-10,277.40583333333336
2012-12-11,267.34708333333333
2012-12-12,271.4133333333334
2012-12-13,272.8695833333333
2012-12-14,274.9054166666666
2012-12-15,276.0720833333333
2012-12-16,273.1716666666666
2012-12-17,272.85833333333335
2012-12-18,271.10125000000005
2012-12-19,273.75541666666663
2012-12-20,274.71791666666667
2012-12-21,267.11333333333334
2012-12-22,268.865
2012-12-23,272.011875
2012-12-24,274.66875
2012-12-25,275.45666666666665
2012-12-26,273.44583333333327
2012-12-27,270.8683333333333
2012-12-28,272.0231666666667
2012-12-29,269.25791666666674
2012-12-30,267.42531249999996
2012-12-31,270.7475
2013-01-01,272.97499999999997
2013-01-02,268.87791666666664
2013-01-03,266.9754166666667
2013-01-04,266.75291666666664
2013-01-05,264.8371354166667
2013-01-06,268.70249999999993
2013-01-07,269.6854166666667
2013-01-08,273.29181249999993
2013-01-09,273.40729166666665
2013-01-10,271.4589208333333
2013-01-11,273.44825000000003
2013-01-12,274.46616666666665
2013-01-13,266.873125
2013-01-14,264.7732916666667
2013-01-15,264.0547916666667
2013-01-16,261.4570833333334
2013-01-17,265.3312083333333
2013-01-18,270.4345833333334
2013-01-19,273.42083333333335
2013-01-20,274.21562500000005
2013-01-21,274.2497916666666
2013-01-22,273.94895833333334
2013-01-23,275.75604166666665
2013-01-24,277.9114583333333
2013-01-25,278.5577083333333
2013-01-26,281.33877083333334
2013-01-27,280.9176631958333
2013-01-28,280.93013888749994
2013-01-29,274.2882222208333
2013-01-30,271.3856875000001
2013-01-31,271.4032916666666
2013-02-01,274.14708333333334
2013-02-02,275.23275
2013-02-03,278.516875
2013-02-04,278.69583333333327
2013-02-05,279.0360416666667
2013-02-06,278.5998958333334
2013-02-07,279.3483125
2013-02-08,279.59562500000004
2013-02-09,279.1958333333334
2013-02-10,279.52666666666664
2013-02-11,272.07520833333325
2013-02-12,272.8436041666667
2013-02-13,272.1469166666665
2013-02-14,271.2050625
2013-02-15,274.4216666666667
2013-02-16,274.330625
2013-02-17,275.6033333333334
2013-02-18,277.88916666666665
2013-02-19,277.94395833333334
2013-02-20,275.51732638749996
2013-02-21,278.27788888750007
2013-02-22,272.5783333333334
2013-02-23,272.34916666666663
2013-02-24,271.5629166666667
2013-02-25,273.2864791666666
2013-02-26,271.078125
2013-02-27,273.31220833333333
2013-02-28,270.2776416666666
2013-03-01,272.15458333333333
2013-03-02,276.32770833333336
2013-03-03,279.12812499999995
2013-03-04,281.1145833333333
2013-03-05,283.36583333333334
2013-03-06,280.1602125
2013-03-07,283.6307708333333
2013-03-08,284.452
2013-03-09,283.71614583333337
2013-03-10,276.848090275
2013-03-11,275.0583541666667
2013-03-12,278.46304860833334
2013-03-13,281.53115972083333
2013-03-14,283.08538888749996
2013-03-15,286.02421527916664
2013-03-16,287.41995833333334
2013-03-17,287.9929375000001
2013-03-18,284.7146388875
2013-03-19,284.0245
2013-03-20,282.688875
2013-03-21,281.30041666666665
2013-03-22,286.6108333333333
2013-03-23,283.79125
2013-03-24,280.22875
2013-03-25,274.0316666666667
2013-03-26,276.075
2013-03-27,280.3066666666667
2013-03-28,285.76625
2013-03-29,288.01833333333326
2013-03-30,288.23625
2013-03-31,287.28625
2013-04-01,288.6387013874999
2013-04-02,287.6115
2013-04-03,287.1354166666667
2013-04-04,282.8454166666666
2013-04-05,285.24499999999995
2013-04-06,288.93241666666665
2013-04-07,289.58625000000006
2013-04-08,290.1433333333334
2013-04-09,290.14875
2013-04-10,283.74708333333325
2013-04-11,277.6195833333333
2013-04-12,278.56708333333324
2013-04-13,285.43249999999995
2013-04-14,286.9583333333333
2013-04-15,289.6741666666666
2013-04-16,289.7170833333333
2013-04-17,289.69306250000005
2013-04-18,286.8391666666667
2013-04-19,276.7297916666666
2013-04-20,278.02708333333334
2013-04-21,284.8933958333333
2013-04-22,285.79625000000004
2013-04-23,289.61375000000004
2013-04-24,289.10416666666663
2013-04-25,281.0420833333333
2013-04-26,287.51041666666663
2013-04-27,288.5879166666667
2013-04-28,288.78041666666667
2013-04-29,289.6804166666667
2013-04-30,290.7008333333333
2013-05-01,292.526875
2013-05-02,292.6941666666666
2013-05-03,281.1354166666667
2013-05-04,278.6983333333333
2013-05-05,284.6183333333334
2013-05-06,284.785
2013-05-07,285.12041666666664
2013-05-08,286.63875
2013-05-09,286.80208333333326
2013-05-10,287.1466666666667
2013-05-11,287.7691666666667
2013-05-12,286.80041666666665
2013-05-13,288.21250000000003
2013-05-14,289.97333333333336
2013-05-15,292.37708333333336
2013-05-16,294.47708333333327
2013-05-17,293.96222916666665
2013-05-18,293.1379166666667
2013-05-19,292.9375
2013-05-20,290.2066666666667
2013-05-21,288.2
2013-05-22,288.9225
2013-05-23,293.5529166666666
2013-05-24,296.50333333333333
2013-05-25,296.3
2013-05-26,296.37916666666666
2013-05-27,296.57124999999996
2013-05-28,294.45458333333335
2013-05-29,294.36666666666673
2013-05-30,293.7454166666667
2013-05-31,294.02000000000004
2013-06-01,296.84791666666666
2013-06-02,294.40083333333337
2013-06-03,296.15708333333333
2013-06-04,296.26874999999995
2013-06-05,298.3954166666667
2013-06-06,298.66708333333327
2013-06-07,294.55500000000006
2013-06-08,296.20333333333343
2013-06-09,297.19374999999997
2013-06-10,299.8966666666667
2013-06-11,301.3731041666667
2013-06-12,302.50083333333333
2013-06-13,300.85229166666664
2013-06-14,299.85993749999994
2013-06-15,295.4070833333334
2013-06-16,294.2104166666667
2013-06-17,296.52
2013-06-18,294.90333333333336
2013-06-19,294.6044583333333
2013-06-20,297.5716458333334
2013-06-21,297.65384375
2013-06-22,296.9444770833334
2013-06-23,295.9873194458334
2013-06-24,295.6621875
2013-06-25,296.96166666666664
2013-06-26,295.41041666666666
2013-06-27,297.9280416666666
2013-06-28,301.4611458333333
2013-06-29,301.85333333333335
2013-06-30,297.2856249999999
2013-07-01,297.475
2013-07-02,294.6446250000001
2013-07-03,293.9788125
2013-07-04,292.2814583333334
2013-07-05,294.70345833333334
2013-07-06,295.6047916666666
2013-07-07,295.3883333333334
2013-07-08,295.30833333333334
2013-07-09,296.4908333333334
2013-07-10,295.63958333333335
2013-07-11,295.2139583333334
2013-07-12,295.5442499999999
2013-07-13,296.76958333333334
2013-07-14,296.12333333333333
2013-07-15,295.9997916666667
2013-07-16,290.1627083333333
2013-07-17,289.859375
2013-07-18,289.32937499999997
2013-07-19,291.5408333333333
2013-07-20,293.27791666666667
2013-07-21,292.9463958333333
2013-07-22,293.87250000000006
2013-07-23,295.70580555416655
2013-07-24,298.2032708333333
2013-07-25,295.58583333333326
2013-07-26,291.3355416666667
2013-07-27,293.58500000000004
2013-07-28,291.4554166666667
2013-07-29,293.845
2013-07-30,293.87525
2013-07-31,295.9529166666667
2013-08-01,296.8074166666667
2013-08-02,294.7349583333334
2013-08-03,293.1703958333333
2013-08-04,294.10249999999996
2013-08-05,295.99229166666674
2013-08-06,294.63041666666663
2013-08-07,295.33774999999997
2013-08-08,292.62241666666665
2013-08-09,292.83654166666673
2013-08-10,292.6236666666666
2013-08-11,292.47937500000006
2013-08-12,290.4579166666668
2013-08-13,291.7716666666667
2013-08-14,292.81663541666666
2013-08-15,294.36069444583325
2013-08-16,295.1919375
2013-08-17,295.9576875000001
2013-08-18,297.29454166666665
2013-08-19,297.1316666666667
2013-08-20,296.54
2013-08-21,293.30833333333334
2013-08-22,294.36541666666665
2013-08-23,295.1302083333333
2013-08-24,294.07537499999995
2013-08-25,293.1386388916667
2013-08-26,292.14145833333333
2013-08-27,293.83031249999993
2013-08-28,294.6918958333334
2013-08-29,294.9348020833333
2013-08-30,294.4791041666667
2013-08-31,294.44759374999995
2013-09-01,295.3264583333333
2013-09-02,294.62981250000007
2013-09-03,295.7299958333333
2013-09-04,295.60430208333327
2013-09-05,294.82036805416664
2013-09-06,294.7006569458334
2013-09-07,295.0347208333333
2013-09-08,294.9588687499999
2013-09-09,295.67020833333333
2013-09-10,292.5391388875
2013-09-11,289.50926389166665
2013-09-12,289.6525652791667
2013-09-13,289.3868263875
2013-09-14,289.30165972083324
2013-09-15,288.9331770833333
2013-09-16,289.61304166666656
2013-09-17,291.17588333333333
2013-09-18,293.11936805833335
2013-09-19,291.48205555833334
2013-09-20,290.70003472083334
2013-09-21,290.00625
2013-09-22,290.62748124999996
2013-09-23,287.1189840250001
2013-09-24,289.09275694166666
2013-09-25,290.58904861250005
2013-09-26,293.3554027791667
2013-09-27,291.1262499999999
2013-09-28,283.87933333333336
2013-09-29,282.70641666666666
2013-09-30,286.57448958333333
2013-10-01,287.38065
2013-10-02,286.4657875000001
2013-10-03,286.73921180416664
2013-10-04,285.8908333333333
2013-10-05,279.21881250000007
2013-10-06,280.66325
2013-10-07,283.88261458333335
2013-10-08,286.6138708333333
2013-10-09,286.74972916666667
2013-10-10,286.6724583333333
2013-10-11,279.8028541666668
2013-10-12,283.2102756958333
2013-10-13,286.0876840291666
2013-10-14,288.61327916666664
2013-10-15,283.1867777791667
2013-10-16,282.8497013875
2013-10-17,281.85654166666666
2013-10-18,282.7635416666666
2013-10-19,280.4488055583333
2013-10-20,281.586847225
2013-10-21,284.42958333333337
2013-10-22,286.30472916666673
2013-10-23,281.1349875
2013-10-24,283.55994791666666
2013-10-25,286.06993333333327
2013-10-26,285.1321791666667
2013-10-27,281.27653125
2013-10-28,281.7327083333333
2013-10-29,284.6125833333333
2013-10-30,283.63708333333335
2013-10-31,278.8765833333333
2013-11-01,277.57725
2013-11-02,276.75897916666673
2013-11-03,279.21760416666666
2013-11-04,280.2190625
2013-11-05,280.9460625
2013-11-06,273.4009548625
2013-11-07,277.24062499999997
2013-11-08,279.11500000000007
2013-11-09,281.0941666666667
2013-11-10,281.36458333333326
2013-11-11,281.6220833333333
2013-11-12,277.56333333333333
2013-11-13,276.7654166666666
2013-11-14,279.8413541666667
2013-11-15,278.25568749999996
2013-11-16,281.65327083333335
2013-11-17,282.62547916666665
2013-11-18,279.86787499999997
2013-11-19,277.425
2013-11-20,281.61074999999994
2013-11-21,283.7817708333334
2013-11-22,284.08106250000003
2013-11-23,288.4746875000001
2013-11-24,273.1800208333333
2013-11-25,274.4519583333334
2013-11-26,271.2629166666667
2013-11-27,271.75375
2013-11-28,273.409375
2013-11-29,273.6874166666667
2013-11-30,276.1287500000001
2013-12-01,276.43791666666664
2013-12-02,275.3270833333333
2013-12-03,279.42833333333334
2013-12-04,280.67333333333335
2013-12-05,270.68749999999994
2013-12-06,265.5829166666667
2013-12-07,266.49999999999994
2013-12-08,269.7483333333333
2013-12-09,267.62916666666666
2013-12-10,264.8358333333334
2013-12-11,269.6177083333334
2013-12-12,276.6339791666667
2013-12-13,279.2920833333333
2013-12-14,282.14091666666667
2013-12-15,278.6917708333333
2013-12-16,277.60235416666666
2013-12-17,277.44895833333334
2013-12-18,276.5729166666667
2013-12-19,281.1294375
2013-12-20,277.23895833333336
2013-12-21,276.4320833333333
2013-12-22,274.2495833333333
2013-12-23,273.79854166666667
2013-12-24,275.07374999999996
2013-12-25,275.55104166666666
2013-12-26,273.041625
2013-12-27,275.68833333333333
2013-12-28,274.5014583333333
2013-12-29,277.09
2013-12-30,274.93458333333336
2013-12-31,274.85358333333335
2014-01-01,276.8725
2014-01-02,276.44477083333334
2014-01-03,275.2747916666668
2014-01-04,277.60541331250005
2014-01-05,272.03229166666665
2014-01-06,270.29624999999993
2014-01-07,272.1725
2014-01-08,273.3776874999999
2014-01-09,273.8259791666667
2014-01-10,277.7093541666667
2014-01-11,279.9088391416667
2014-01-12,279.3380416666667
2014-01-13,275.26479166666667
2014-01-14,278.158493225
2014-01-15,278.95519930833336
2014-01-16,278.2285416666667
2014-01-17,285.47857576250004
2014-01-18,289.2733721208334
2014-01-19,282.1358333333334
2014-01-20,278.6869375
2014-01-21,278.3374999999999
2014-01-22,275.77062499999994
2014-01-23,273.8641666666667
2014-01-24,269.0378817208333
2014-01-25,274.80458333333337
2014-01-26,279.31604166666665
2014-01-27,277.79
2014-01-28,275.23749999999995
2014-01-29,276.92541666666665
2014-01-30,280.175
2014-01-31,284.37125
2014-02-01,278.825
2014-02-02,275.31208333333336
2014-02-03,276.1941666666667
2014-02-04,274.0745833333333
2014-02-05,272.03
2014-02-06,267.7608333333333
2014-02-07,272.98333333333335
2014-02-08,276.30833333333334
2014-02-09,280.095
2014-02-10,282.85291666666666
2014-02-11,279.80333333333334
2014-02-12,279.13
2014-02-13,282.81375
2014-02-14,285.7583333333334
2014-02-15,285.4308333333334
2014-02-16,285.21791666666667
2014-02-17,283.6879166666667
2014-02-18,282.83375
2014-02-19,284.44916666666666
2014-02-20,280.07249999999993
2014-02-21,276.1645833333333
2014-02-22,279.1066666666666
2014-02-23,280.79
2014-02-24,280.48083333333335
2014-02-25,281.24125
2014-02-26,279.3679166666667
2014-02-27,282.46958333333333
2014-02-28,282.40500000000003
2014-03-01,281.83375
2014-03-02,280.2245833333333
2014-03-03,279.02708333333334
2014-03-04,279.3706770833333
2014-03-05,280.95581250000004
2014-03-06,280.7645833333333
2014-03-07,282.9891666666667
2014-03-08,279.64375000000007
2014-03-09,277.9395833333333
2014-03-10,281.0379166666666
2014-03-11,282.89750000000004
2014-03-12,276.0158333333334
2014-03-13,278.11958333333337
2014-03-14,280.08375
2014-03-15,277.47499999999997
2014-03-16,278.61708333333337
2014-03-17,283.74000000000007
2014-03-18,282.80750000000006
2014-03-19,278.14125
2014-03-20,280.9658333333333
2014-03-21,286.49208333333337
2014-03-22,284.59
2014-03-23,283.7858333333333
2014-03-24,284.39708333333334
2014-03-25,283.81958333333336
2014-03-26,285.6095833333333
2014-03-27,284.51666666666665
2014-03-28,284.08583333333337
2014-03-29,283.86541666666676
2014-03-30,286.86083333333335
2014-03-31,284.81666666666666
2014-04-01,285.7808333333333
2014-04-02,287.44550000000004
2014-04-03,281.3379166666667
2014-04-04,279.75999999999993
2014-04-05,284.27500000000003
2014-04-06,281.49583333333334
2014-04-07,282.6791666666666
2014-04-08,285.6275
2014-04-09,288.83374999999995
2014-04-10,290.7270833333333
2014-04-11,290.3233333333333
2014-04-12,289.88541666666663
2014-04-13,289.2525
2014-04-14,280.4933333333334
2014-04-15,281.9525
2014-04-16,286.51333333333326
2014-04-17,286.52666666666664
2014-04-18,288.35583333333335
2014-04-19,288.14833333333337
2014-04-20,286.43082638749996
2014-04-21,291.0925
2014-04-22,292.945
2014-04-23,292.5733333333333
2014-04-24,286.5441666666666
2014-04-25,288.01958333333334
2014-04-26,291.3641666666667
2014-04-27,281.1166666666667
2014-04-28,282.8954166666667
2014-04-29,281.31937500000004
2014-04-30,280.2380625
2014-05-01,281.6197916666667
2014-05-02,282.47172916666665
2014-05-03,286.0116249999999
2014-05-04,292.28921875
2014-05-05,294.0249999999999
2014-05-06,292.60684143750007
2014-05-07,291.3287083333334
2014-05-08,284.4216666666667
2014-05-09,285.4558333333334
2014-05-10,290.745375
2014-05-11,293.27166666666665
2014-05-12,284.1036666666666
2014-05-13,280.3428333333333
2014-05-14,281.94308333333333
2014-05-15,285.55291666666665
2014-05-16,291.9154166666667
2014-05-17,295.32916666666665
2014-05-18,295.065
2014-05-19,295.99291666666664
2014-05-20,294.9058333333333
2014-05-21,294.5153621291667
2014-05-22,293.765
2014-05-23,290.5841666666667
2014-05-24,286.91416666666674
2014-05-25,286.2658333333333
2014-05-26,285.5316666666668
2014-05-27,292.9170833333333
2014-05-28,297.57166666666666
2014-05-29,297.6025000000001
2014-05-30,295.90625
2014-05-31,297.68
2014-06-01,299.6758333333333
2014-06-02,298.16708333333327
2014-06-03,299.18095332916664
2014-06-04,300.45151677916675
2014-06-05,299.06541666666664
2014-06-06,300.10708333333326
2014-06-07,298.06666666666666
2014-06-08,296.35833333333335
2014-06-09,295.3380293999999
2014-06-10,295.4978377
2014-06-11,298.0231563541667
2014-06-12,297.518524775
2014-06-13,296.611377575
2014-06-14,297.1203697166667
2014-06-15,295.4231966375
2014-06-16,297.0676771875
2014-06-17,296.54549304999995
2014-06-18,294.5296192916667
2014-06-19,295.43536451250003
2014-06-20,297.58396784166666
2014-06-21,299.02240455833333
2014-06-22,298.48735171249996
2014-06-23,297.7130875541666
2014-06-24,298.78326956666666
2014-06-25,297.89818143749994
2014-06-26,298.65088035416665
2014-06-27,298.98779065
2014-06-28,298.0981690333334
2014-06-29,299.224757575
2014-06-30,299.76186405416667
2014-07-01,298.50084706666667
2014-07-02,296.7798680875
2014-07-03,296.4353936083333
2014-07-04,294.64295545
2014-07-05,297.5700317375001
2014-07-06,296.79125
2014-07-07,297.8079166666666
2014-07-08,300.06710250416666
2014-07-09,296.5445833333333
2014-07-10,297.83958333333334
2014-07-11,298.1178177458334
2014-07-12,296.6770833333333
2014-07-13,298.48458333333326
2014-07-14,296.6387214875
2014-07-15,294.10833333333335
2014-07-16,295.80458333333326
2014-07-17,294.91416666666663
2014-07-18,297.8420833333333
2014-07-19,300.12791666666664
2014-07-20,299.93999999999994
2014-07-21,300.55625000000003
2014-07-22,301.93208333333337
2014-07-23,298.5133333333333
2014-07-24,297.7736795083333
2014-07-25,300.8210903625
2014-07-26,302.32333333333327
2014-07-27,301.46603787916666
2014-07-28,296.41090053749997
2014-07-29,295.8260833333333
2014-07-30,295.01968607083336
2014-07-31,296.1318302666666
2014-08-01,293.658596025
2014-08-02,292.0001751
2014-08-03,292.8920015083333
2014-08-04,295.4423212083333
2014-08-05,294.1162499999999
2014-08-06,296.92208333333326
2014-08-07,295.88124827916675
2014-08-08,291.56968364166664
2014-08-09,294.5198125
2014-08-10,294.16141666666664
2014-08-11,295.03737500000005
2014-08-12,294.54389583333335
2014-08-13,296.05706250000003
2014-08-14,295.69474999999994
2014-08-15,295.8958958333333
2014-08-16,295.85162499999996
2014-08-17,294.45452083333333
2014-08-18,296.2489583333333
2014-08-19,295.8029166666667
2014-08-20,295.9546249999999
2014-08-21,295.45939583333336
2014-08-22,294.2480625
2014-08-23,291.62231249999996
2014-08-24,293.46914583333336
2014-08-25,293.78385416666674
2014-08-26,295.06441666666666
2014-08-27,291.175125
2014-08-28,291.33135416666664
2014-08-29,292.7455625
2014-08-30,293.34883333333335
2014-08-31,296.39050000000003
2014-09-01,296.03993749999995
2014-09-02,295.59510416666666
2014-09-03,294.9849166666666
2014-09-04,297.26860416666665
2014-09-05,291.6551041666667
2014-09-06,291.304
2014-09-07,291.3065625
2014-09-08,293.7049583333333
2014-09-09,292.5039375
2014-09-10,293.3868749999999
2014-09-11,291.5533125
2014-09-12,291.3985
2014-09-13,288.1456041666666
2014-09-14,291.09510416666666
2014-09-15,291.6147083333333
2014-09-16,291.64039583333334
2014-09-17,291.2572708333333
2014-09-18,290.7732291666667
2014-09-19,290.36608333333334
2014-09-20,292.29537500000004
2014-09-21,291.707875
2014-09-22,290.6165
2014-09-23,291.20216666666664
2014-09-24,289.8566875000001
2014-09-25,291.2088125
2014-09-26,291.9333958333334
2014-09-27,291.8818749999999
2014-09-28,291.771875
2014-09-29,287.8768958333333
2014-09-30,286.32627083333335
2014-10-01,286.248
2014-10-02,286.34302083333336
2014-10-03,283.72268749999995
2014-10-04,285.06814583333335
2014-10-05,285.4558541666667
2014-10-06,286.4062708333333
2014-10-07,286.24620833333336
2014-10-08,288.162625
2014-10-09,287.93177083333325
2014-10-10,285.50129166666665
2014-10-11,283.9578125
2014-10-12,284.0555
2014-10-13,283.2282916666666
2014-10-14,280.92758333333336
2014-10-15,282.0410833333333
2014-10-16,284.6620833333333
2014-10-17,285.9207291666667
2014-10-18,285.70768749999996
2014-10-19,285.6314166666666
2014-10-20,285.00291666666664
2014-10-21,286.1505833333333
2014-10-22,285.0201458333333
2014-10-23,285.0106458333333
2014-10-24,284.7249166666666
2014-10-25,285.57758333333334
2014-10-26,286.6308333333333
2014-10-27,287.59895833333337
2014-10-28,282.936
2014-10-29,282.601625
2014-10-30,281.5708541666667
2014-10-31,280.64370833333334
2014-11-01,283.43972916666667
2014-11-02,285.0090833333333
2014-11-03,281.79883333333333
2014-11-04,276.74370833333336
2014-11-05,275.744125
2014-11-06,277.11939583333333
2014-11-07,277.60829166666673
2014-11-08,278.7270833333334
2014-11-09,278.11125
2014-11-10,280.5625833333333
2014-11-11,283.36577083333333
2014-11-12,276.7135208333333
2014-11-13,273.1169166666666
2014-11-14,274.2053125
2014-11-15,279.7338541666667
2014-11-16,277.5938958333333
2014-11-17,269.245
2014-11-18,268.68816666666663
2014-11-19,269.8791458333334
2014-11-20,271.51931249999996
2014-11-21,272.1923333333333
2014-11-22,272.9300625
2014-11-23,276.05345833333325
2014-11-24,272.14158333333336
2014-11-25,271.1808333333334
2014-11-26,275.7567291666667
2014-11-27,275.21827083333335
2014-11-28,275.3258541666667
2014-11-29,275.2740208333333
2014-11-30,277.2578333333334
2014-12-01,275.22856249999995
2014-12-02,274.50593749999996
2014-12-03,275.8465208333334
2014-12-04,277.57166666666666
2014-12-05,276.4908541666667
2014-12-06,277.1156666666667
2014-12-07,278.8015416666667
2014-12-08,275.4780833333334
2014-12-09,276.45206250000007
2014-12-10,276.1273333333333
2014-12-11,276.0830208333333
2014-12-12,276.17058333333335
2014-12-13,276.98175000000003
2014-12-14,276.0230625
2014-12-15,271.9848125
2014-12-16,272.6028958333333
2014-12-17,272.8464375
2014-12-18,272.0732291666667
2014-12-19,271.2485625
2014-12-20,270.07160416666665
2014-12-21,271.69820833333335
2014-12-22,278.0428958333334
2014-12-23,275.1421041666667
2014-12-24,269.5040833333333
2014-12-25,271.176
2014-12-26,272.60122916666666
2014-12-27,266.9447083333333
2014-12-28,265.97316666666666
2014-12-29,268.01437500000003
2014-12-30,267.0542708333333
2014-12-31,263.51929166666656
2015-01-01,264.0023958333333
2015-01-02,265.3845208333334
2015-01-03,266.27102083333324
2015-01-04,267.911375
2015-01-05,267.4862916666667
2015-01-06,270.366
2015-01-07,271.53325
2015-01-08,268.2103125
2015-01-09,269.7131041666666
2015-01-10,269.8576458333333
2015-01-11,272.07133333333337
2015-01-12,273.0406458333333
2015-01-13,273.28000000000003
2015-01-14,273.2231875
2015-01-15,270.5006041666666
2015-01-16,269.13624999999996
2015-01-17,270.80852083333326
2015-01-18,270.42875000000004
2015-01-19,272.1783333333333
2015-01-20,274.15524999999997
2015-01-21,273.86314583333336
2015-01-22,271.3533749999999
2015-01-23,266.37656250000003
2015-01-24,267.162125
2015-01-25,268.80139583333334
2015-01-26,270.69279166666666
2015-01-27,272.7113958333333
2015-01-28,275.5546666666667
2015-01-29,275.79254166666675
2015-01-30,275.14925
2015-01-31,273.22079166666657
2015-02-01,269.0676041666667
2015-02-02,269.44912500000004
2015-02-03,271.8200833333333
2015-02-04,275.00752083333333
2015-02-05,276.20912500000003
2015-02-06,275.7380625
2015-02-07,277.6294166666667
2015-02-08,279.94904166666663
2015-02-09,279.646375
2015-02-10,280.3550208333334
2015-02-11,277.79047916666667
2015-02-12,274.4204583333334
2015-02-13,275.67325000000005
2015-02-14,277.6302916666666
2015-02-15,278.864
2015-02-16,279.55997916666666
2015-02-17,274.67475
2015-02-18,274.859125
2015-02-19,277.6734583333334
2015-02-20,279.9511875
2015-02-21,282.30783333333324
2015-02-22,279.89762499999995
2015-02-23,270.35812500000003
2015-02-24,269.72977083333336
2015-02-25,268.71043749999995
2015-02-26,271.55706250000003
2015-02-27,270.75781249999994
2015-02-28,271.5704166666667
2015-03-01,271.54312500000003
2015-03-02,273.2660416666667
2015-03-03,277.3759166666666
2015-03-04,274.09116666666665
2015-03-05,271.39631249999996
2015-03-06,273.22599999999994
2015-03-07,275.2320624999999
2015-03-08,278.2416041666666
2015-03-09,278.73802083333334
2015-03-10,279.8894375
2015-03-11,280.02541666666673
2015-03-12,281.4057291666667
2015-03-13,283.1723958333334
2015-03-14,283.1519375
2015-03-15,280.9976875
2015-03-16,281.384875
2015-03-17,283.41537500000004
2015-03-18,283.2191666666666
2015-03-19,282.7779791666667
2015-03-20,281.0353958333333
2015-03-21,280.1982708333333
2015-03-22,282.16114583333336
2015-03-23,283.5899583333333
2015-03-24,284.22650000000004
2015-03-25,283.54066666666665
2015-03-26,280.4313333333333
2015-03-27,282.1120624999999
2015-03-28,285.6851666666666
2015-03-29,287.09137499999997
2015-03-30,289.6544999999999
2015-03-31,287.9049791666667
2015-04-01,287.40191666666664
2015-04-02,287.1741875000001
2015-04-03,284.75768750000003
2015-04-04,282.0770416666667
2015-04-05,287.897375
2015-04-06,285.8933541666667
2015-04-07,285.25218750000005
2015-04-08,285.64910416666663
2015-04-09,284.07897916666667
2015-04-10,283.25145833333335
2015-04-11,285.343
2015-04-12,287.5178541666666
2015-04-13,288.0653125
2015-04-14,283.1487916666666
2015-04-15,288.4869166666667
2015-04-16,283.8999166666667
2015-04-17,277.6736041666666
2015-04-18,280.8865
2015-04-19,284.47974999999997
2015-04-20,283.63345833333335
2015-04-21,286.47570833333333
2015-04-22,288.641125
2015-04-23,287.2785416666667
2015-04-24,285.922375
2015-04-25,283.6135625
2015-04-26,283.38900000000007
2015-04-27,280.46166666666664
2015-04-28,279.8331805583333
2015-04-29,282.75405902499995
2015-04-30,286.7981458333333
2015-05-01,288.9963333333333
2015-05-02,292.95631249999997
2015-05-03,289.68477083333335
2015-05-04,291.03997916666674
2015-05-05,285.7930625
2015-05-06,285.67760416666664
2015-05-07,286.68893750000007
2015-05-08,287.63785416666667
2015-05-09,285.26264583333335
2015-05-10,282.83450000000005
2015-05-11,285.6256041666667
2015-05-12,286.6501458333333
2015-05-13,286.0936041666667
2015-05-14,289.4056875
2015-05-15,288.6422291666666
2015-05-16,285.1065208333334
2015-05-17,284.32414583333326
2015-05-18,287.5686666666666
2015-05-19,289.14585416666665
2015-05-20,287.19104166666665
2015-05-21,287.94779166666666
2015-05-22,285.8947291666667
2015-05-23,286.604
2015-05-24,286.42314583333336
2015-05-25,286.6907083333333
2015-05-26,287.6433333333334
2015-05-27,291.1816666666667
2015-05-28,292.2588958333333
2015-05-29,291.71214583333335
2015-05-30,291.73943749999995
2015-05-31,291.87706249999997
2015-06-01,294.84935416666667
2015-06-02,294.3194375
2015-06-03,293.7547083333334
2015-06-04,295.3566458333333
2015-06-05,296.0277916666666
2015-06-06,297.38000000000005
2015-06-07,296.929625
2015-06-08,296.31025
2015-06-09,297.34745833333335
2015-06-10,296.0623749999999
2015-06-11,294.0726458333333
2015-06-12,294.01637085
2015-06-13,293.40243400833333
2015-06-14,293.54577882916664
2015-06-15,294.00787429583335
2015-06-16,295.0819791666667
2015-06-17,295.6953541666667
2015-06-18,296.95952083333333
2015-06-19,297.19841281250007
2015-06-20,298.31644665416667
2015-06-21,297.9247143958334
2015-06-22,297.85142926666674
2015-06-23,297.9679507458332
2015-06-24,297.0691773166667
2015-06-25,297.3859710625
2015-06-26,295.6098223
2015-06-27,294.92541666666665
2015-06-28,293.7127207708333
2015-06-29,295.31711826666674
2015-06-30,296.04926178750003
2015-07-01,297.82241525
2015-07-02,297.40749999999997
2015-07-03,293.3
2015-07-04,294.14958333333334
2015-07-05,294.43625
2015-07-06,293.41624999999993
2015-07-07,290.7458333333334
2015-07-08,290.0112500000001
2015-07-09,290.14916666666664
2015-07-10,289.37041666666664
2015-07-11,291.33708333333334
2015-07-12,293.83552702916666
2015-07-13,292.88083333333327
2015-07-14,293.44999999999993
2015-07-15,294.4008333333333
2015-07-16,293.78833333333336
2015-07-17,293.82250000000005
2015-07-18,294.70875000000007
2015-07-19,294.6083333333333
2015-07-20,293.5370833333333
2015-07-21,292.6658333333333
2015-07-22,296.0529166666667
2015-07-23,296.58958333333334
2015-07-24,297.7754166666667
2015-07-25,295.7741666666667
2015-07-26,297.5983333333333
2015-07-27,293.89416666666665
2015-07-28,297.80875
2015-07-29,293.3235240458333
2015-07-30,290.9433333333333
2015-07-31,292.6662575333333
2015-08-01,293.7120833333334
2015-08-02,293.1808333333333
2015-08-03,293.3858333333333
2015-08-04,295.49625
2015-08-05,297.3643160958333
2015-08-06,299.5220833333333
2015-08-07,297.77791666666667
2015-08-08,293.44125
2015-08-09,293.15166666666664
2015-08-10,295.3445752875
2015-08-11,292.8066666666667
2015-08-12,295.54625000000004
2015-08-13,296.64541666666673
2015-08-14,297.14875000000006
2015-08-15,297.2204166666666
2015-08-16,295.1608333333333
2015-08-17,295.3933566583334
2015-08-18,296.5983333333334
2015-08-19,294.7008333333333
2015-08-20,293.67333333333335
2015-08-21,296.81
2015-08-22,295.5211376666667
2015-08-23,294.71208333333334
2015-08-24,292.98583333333335
2015-08-25,293.96166666666664
2015-08-26,292.9397976374999
2015-08-27,292.04291666666666
2015-08-28,293.7075
2015-08-29,293.35888632916664
2015-08-30,294.40874674583335
2015-08-31,295.52375
2015-09-01,295.17293296250006
2015-09-02,295.7935393791666
2015-09-03,293.0395833333333
2015-09-04,292.84916666666675
2015-09-05,290.9083333333334
2015-09-06,291.87083333333334
2015-09-07,296.9266666666667
2015-09-08,293.3616666666667
2015-09-09,293.66125000000005
2015-09-10,293.5325000000001
2015-09-11,293.2016666666667
2015-09-12,293.13124999999997
2015-09-13,294.84625
2015-09-14,293.8287502291667
2015-09-15,293.26000000000005
2015-09-16,293.7331630874999
2015-09-17,293.2645833333334
2015-09-18,293.23375
2015-09-19,291.4479166666667
2015-09-20,291.55833333333334
2015-09-21,292.3930525375
2015-09-22,289.94635050416673
2015-09-23,289.4991753041667
2015-09-24,291.2538918
2015-09-25,289.9188686875
2015-09-26,290.60249950833344
2015-09-27,292.0790663625
2015-09-28,293.35718805000005
2015-09-29,293.18731399583334
2015-09-30,292.20321288750006
2015-10-01,293.68013934583337
2015-10-02,293.354570475
2015-10-03,288.48476382916664
2015-10-04,286.276066675
2015-10-05,285.93435592083335
2015-10-06,286.9832708375
2015-10-07,283.9043846291667
2015-10-08,283.59988717083337
2015-10-09,285.96268318333324
2015-10-10,286.5278731583333
2015-10-11,289.3360566333333
2015-10-12,291.4572953291667
2015-10-13,289.91625
2015-10-14,289.72054819166675
2015-10-15,289.9510753166666
2015-10-16,287.0683132291667
2015-10-17,284.47209389999995
2015-10-18,289.72643572916667
2015-10-19,288.63203332916663
2015-10-20,286.3457193166667
2015-10-21,281.05771781666664
2015-10-22,279.69939317916663
2015-10-23,281.28669087083335
2015-10-24,281.9389166666666
2015-10-25,280.40239583333334
2015-10-26,282.74639583333334
2015-10-27,283.4518653916667
2015-10-28,284.71439960416666
2015-10-29,283.44126020000016
2015-10-30,282.14545436666657
2015-10-31,281.2640623916666
2015-11-01,283.73278102499995
2015-11-02,284.1226922541667
2015-11-03,285.6522307666667
2015-11-04,285.16899705
2015-11-05,278.85710376666674
2015-11-06,276.71061168333324
2015-11-07,278.13434149583327
2015-11-08,277.68354743749995
2015-11-09,279.5129854416667
2015-11-10,281.56916420833335
2015-11-11,279.9790769
2015-11-12,276.845656675
2015-11-13,277.0870395041666
2015-11-14,278.8868222916667
2015-11-15,278.8279075208333
2015-11-16,278.5765313250001
2015-11-17,275.2161113
2015-11-18,277.2215826083334
2015-11-19,278.17917585
2015-11-20,279.000049625
2015-11-21,279.62302908333334
2015-11-22,275.71301274583334
2015-11-23,275.62409430416665
2015-11-24,277.60387011250003
2015-11-25,280.27102030416665
2015-11-26,285.37227215416664
2015-11-27,279.0849267083333
2015-11-28,273.8176509708333
2015-11-29,279.497260875
2015-11-30,275.2052756125
2015-12-01,272.8134392125
2015-12-02,274.0604887625
2015-12-03,275.0611366875
2015-12-04,275.2944283624999
2015-12-05,278.0448107333333
2015-12-06,276.06595910000004
2015-12-07,275.52688725
2015-12-08,276.4908568583333
2015-12-09,280.02116431666667
2015-12-10,278.91028185416667
2015-12-11,282.377097225
2015-12-12,280.08734746249996
2015-12-13,273.5248535
2015-12-14,271.980895375
2015-12-15,272.60059259999997
2015-12-16,269.8645155666666
2015-12-17,269.60637111249997
2015-12-18,271.39364221666665
2015-12-19,273.599642625
2015-12-20,275.7718641166667
2015-12-21,273.9308406041667
2015-12-22,274.43987549583335
2015-12-23,275.7772727791667
2015-12-24,273.83365252083337
2015-12-25,275.60640948333327
2015-12-26,270.4515657791667
2015-12-27,267.6574704833334
2015-12-28,267.13476638333333
2015-12-29,268.08746729999996
2015-12-30,267.13688066249995
2015-12-31,267.5208186666666
2016-01-01,267.67455524166667
2016-01-02,269.62261022083334
2016-01-03,269.4543023208333
2016-01-04,270.03208326250007
2016-01-05,271.468679625
2016-01-06,273.1320119791667
2016-01-07,272.68275956666673
2016-01-08,271.5880733833333
2016-01-09,270.2705708416667
2016-01-10,270.5884927250001
2016-01-11,269.9592951541667
2016-01-12,270.60531530833333
2016-01-13,271.23430341249997
2016-01-14,272.3696957333334
2016-01-15,272.6060221458334
2016-01-16,273.48362555000006
2016-01-17,274.2756633916667
2016-01-18,274.78867180416665
2016-01-19,277.21896726666665
2016-01-20,277.67109843333327
2016-01-21,275.16778797499995
2016-01-22,274.3421866041667
2016-01-23,275.15282735
2016-01-24,277.12920614999996
2016-01-25,275.0919943833333
2016-01-26,272.5258618041667
2016-01-27,272.95629605833335
2016-01-28,276.2546904958333
2016-01-29,276.89774170416666
2016-01-30,279.7064091416666
2016-01-31,284.4294108333333
2016-02-01,279.1608860666667
2016-02-02,271.85261660416666
2016-02-03,268.93671757916667
2016-02-04,267.8744089
2016-02-05,271.4631468125
2016-02-06,273.1433333333333
2016-02-07,277.6395833333333
2016-02-08,277.5824999999999
2016-02-09,278.5316666666667
2016-02-10,279.4491660958333
2016-02-11,281.11696263333323
2016-02-12,282.29846572499997
2016-02-13,281.6899457125
2016-02-14,283.7483931625
2016-02-15,282.1924003166667
2016-02-16,282.8488616083333
2016-02-17,281.7514647083334
2016-02-18,284.9947854291666
2016-02-19,287.2429530333333
2016-02-20,285.5725368791666
2016-02-21,284.0228542666667
2016-02-22,280.86791209166665
2016-02-23,277.92197563333326
2016-02-24,273.54937575
2016-02-25,277.785520625
2016-02-26,278.7320223333333
2016-02-27,281.05820317916664
2016-02-28,282.74762079166663
2016-02-29,283.26424319583333
2016-03-01,283.5311413
2016-03-02,285.0820742958333
2016-03-03,285.6796064916667
2016-03-04,284.8613003916666
2016-03-05,285.9747416791667
2016-03-06,287.31755624166664
2016-03-07,283.88281872500005
2016-03-08,280.8780048291666
2016-03-09,279.6226918083333
2016-03-10,282.93693402083335
2016-03-11,283.54823459166664
2016-03-12,284.70520849999997
2016-03-13,279.4102617
2016-03-14,284.94959428333334
2016-03-15,285.4932412458333
2016-03-16,281.4711283666666
2016-03-17,283.29094090416663
2016-03-18,285.09012844999995
2016-03-19,280.37723309583333
2016-03-20,279.0333552125
2016-03-21,283.3720542291667
2016-03-22,288.7445315666667
2016-03-23,282.6936038249999
2016-03-24,279.97895575416663
2016-03-25,281.8927581833333
2016-03-26,281.80700729583333
2016-03-27,279.2814158041667
2016-03-28,283.598816175
2016-03-29,287.40986123749997
2016-03-30,282.04553438749997
2016-03-31,278.53962687083333
2016-04-01,279.7086581375
2016-04-02,279.0831491125
2016-04-03,282.62272367916665
2016-04-04,287.311557225
2016-04-05,288.5706257708333
2016-04-06,286.92231769999995
2016-04-07,287.90017255000004
2016-04-08,287.40614521666663
2016-04-09,283.6618106333333
2016-04-10,286.7688057833333
2016-04-11,283.70146997083333
2016-04-12,283.65441789999994
2016-04-13,283.6129359083333
2016-04-14,288.6578917708333
2016-04-15,289.774598975
2016-04-16,281.09009331249996
2016-04-17,278.88169139583334
2016-04-18,281.00553135833337
2016-04-19,280.33358920416674
2016-04-20,285.15285177083337
2016-04-21,288.8618333333334
2016-04-22,288.36975952083327
2016-04-23,288.1840145791667
2016-04-24,287.1890747375
2016-04-25,286.4654631
2016-04-26,282.3231016958334
2016-04-27,281.8746743791667
2016-04-28,287.8547960958333
2016-04-29,282.44250000000005
2016-04-30,280.70666666666665
2016-05-01,277.5183333333334
2016-05-02,277.37458333333336
2016-05-03,284.75541666666663
2016-05-04,286.385
2016-05-05,289.5970833333334
2016-05-06,291.6658333333333
2016-05-07,288.89208333333335
2016-05-08,283.75083333333333
2016-05-09,284.60583333333335
2016-05-10,288.53875
2016-05-11,289.04583333333335
2016-05-12,287.37458333333336
2016-05-13,290.5058333333333
2016-05-14,288.9270833333333
2016-05-15,289.88541666666663
2016-05-16,289.7759025
2016-05-17,284.56000000000006
2016-05-18,280.09708333333333
2016-05-19,282.43125000000003
2016-05-20,287.7629166666667
2016-05-21,291.1008333333333
2016-05-22,290.6020833333334
2016-05-23,290.74583333333334
2016-05-24,290.4758868333333
2016-05-25,289.47118667499996
2016-05-26,288.7619097916667
2016-05-27,286.138738725
2016-05-28,288.54222670416664
2016-05-29,291.1157977291667
2016-05-30,291.58900170833334
2016-05-31,291.00723973333334
2016-06-01,287.51445929583343
2016-06-02,289.03976299583337
2016-06-03,293.7816666666667
2016-06-04,294.11958333333337
2016-06-05,294.19250000000005
2016-06-06,294.46083333333326
2016-06-07,294.49291666666664
2016-06-08,296.02208333333334
2016-06-09,295.5191666666667
2016-06-10,293.20375000000007
2016-06-11,293.5595833333333
2016-06-12,293.6616666666667
2016-06-13,293.15125000000006
2016-06-14,291.32916666666665
2016-06-15,293.92516666666666
2016-06-16,294.53125000000006
2016-06-17,294.54625
2016-06-18,295.6758333333333
2016-06-19,297.2475
2016-06-20,296.8533333333333
2016-06-21,296.37125000000003
2016-06-22,297.2091666666667
2016-06-23,294.8666666666666
2016-06-24,294.1275
2016-06-25,296.8374999999999
2016-06-26,295.3108333333334
2016-06-27,293.77625000000006
2016-06-28,295.6341666666666
2016-06-29,295.6679166666667
2016-06-30,296.61320694166665
2016-07-01,294.1025
2016-07-02,291.77875
2016-07-03,295.2320833333334
2016-07-04,296.7120833333333
2016-07-05,294.67083333333335
2016-07-06,299.11291666666665
2016-07-07,298.31791666666663
2016-07-08,298.30458333333337
2016-07-09,298.56875
2016-07-10,299.8825
2016-07-11,299.73041666666666
2016-07-12,297.92846909166667
2016-07-13,298.44907723333324
2016-07-14,300.20537500000006
2016-07-15,300.1298333333333
2016-07-16,301.4250416666667
2016-07-17,300.79283333333325
2016-07-18,302.07308333333333
2016-07-19,308.388
2016-07-20,307.8750416666667
2016-07-21,298.4326666666667
2016-07-22,298.5133333333333
2016-07-23,300.52500000000003
2016-07-24,298.6141666666667
2016-07-25,295.11041666666665
2016-07-26,295.57333333333327
2016-07-27,295.6991666666667
2016-07-28,296.19874999999996
2016-07-29,297.6479166666666
2016-07-30,294.3058333333333
2016-07-31,294.32125
2016-08-01,295.8070833333333
2016-08-02,294.9379166666667
2016-08-03,293.9975
2016-08-04,290.75083333333333
2016-08-05,289.945
2016-08-06,290.4420833333333
2016-08-07,291.86750000000006
2016-08-08,292.21999999999997
2016-08-09,294.2104583333333
2016-08-10,293.6075416666667
2016-08-11,293.1295833333333
2016-08-12,293.30625000000003
2016-08-13,290.0525
2016-08-14,286.4025
2016-08-15,289.39083333333326
2016-08-16,291.26041666666663
2016-08-17,289.1937500000001
2016-08-18,289.6266666666666
2016-08-19,290.39625
2016-08-20,289.87583333333333
2016-08-21,290.74250000000006
2016-08-22,289.5691666666666
2016-08-23,290.0658333333334
2016-08-24,290.2702953458333
2016-08-25,290.1020833333333
2016-08-26,291.03875000000005
2016-08-27,291.11666666666673
2016-08-28,289.21916666666664
2016-08-29,290.04041666666666
2016-08-30,289.40749999999997
2016-08-31,290.94791666666663
2016-09-01,291.6830093416667
2016-09-02,292.3866666666667
2016-09-03,292.74708333333336
2016-09-04,294.1608333333333
2016-09-05,295.5025
2016-09-06,295.17333333333335
2016-09-07,290.0754166666667
2016-09-08,291.17375
2016-09-09,293.4816666666666
2016-09-10,291.25250000000005
2016-09-11,291.6116666666667
2016-09-12,290.8279166666667
2016-09-13,288.52660624999993
2016-09-14,291.45041666666674
2016-09-15,290.2879166666667
2016-09-16,289.21125
2016-09-17,290.60249999999996
2016-09-18,290.69891052916665
2016-09-19,291.6270833333333
2016-09-20,291.1094452291666
2016-09-21,292.0602442125
2016-09-22,289.6950523458333
2016-09-23,290.79416666666674
2016-09-24,281.86541666666665
2016-09-25,282.27389766666664
2016-09-26,282.8374281541666
2016-09-27,284.5243268666667
2016-09-28,287.8958333333333
2016-09-29,288.7575
2016-09-30,286.6508333333333
2016-10-01,287.74749999999995
2016-10-02,288.0625
2016-10-03,287.3920833333333
2016-10-04,284.1220833333333
2016-10-05,283.63979166666667
2016-10-06,284.73166666666674
2016-10-07,284.2460833333332
2016-10-08,281.7518842625
2016-10-09,284.5337916666667
2016-10-10,285.61470833333334
2016-10-11,287.12425
2016-10-12,286.57291666666663
2016-10-13,287.2697500000001
2016-10-14,285.30660417083334
2016-10-15,286.68454895833344
2016-10-16,287.23510473333334
2016-10-17,286.9515833333333
2016-10-18,288.67579166666667
2016-10-19,285.3411051375
2016-10-20,281.87354750000003
2016-10-21,281.3886741208333
2016-10-22,282.55749999999983
2016-10-23,285.76383333333325
2016-10-24,285.9639166666667
2016-10-25,290.1439166666666
2016-10-26,286.97525
2016-10-27,285.0189166666667
2016-10-28,286.7767916666667
2016-10-29,288.7362083333333
2016-10-30,286.59087500000004
2016-10-31,289.28266666666667
2016-11-01,285.80541666666664
2016-11-02,286.67375
2016-11-03,286.60833333333335
2016-11-04,285.63875
2016-11-05,283.8762500000001
2016-11-06,284.45874999999995
2016-11-07,283.89916666666664
2016-11-08,285.1416666666666
2016-11-09,282.7362499999999
2016-11-10,280.72083333333325
2016-11-11,281.11833333333334
2016-11-12,281.48791666666654
2016-11-13,281.35374999999993
2016-11-14,283.18291666666664
2016-11-15,284.24583333333334
2016-11-16,283.63125
2016-11-17,285.5208333333333
2016-11-18,277.10416666666663
2016-11-19,276.3766666666667
2016-11-20,279.2720833333333
2016-11-21,282.25041666666664
2016-11-22,279.3875
2016-11-23,278.0741666666665
2016-11-24,278.11419482499997
2016-11-25,278.3595833333332
2016-11-26,276.6533333333333
2016-11-27,279.7154166666666
2016-11-28,275.59374999999994
2016-11-29,272.69583333333327
2016-11-30,271.3263170208333
2016-12-01,272.28374999999994
2016-12-02,275.6308406708334
2016-12-03,275.51875
2016-12-04,275.53508573333335
2016-12-05,275.1387831541667
2016-12-06,277.686131
2016-12-07,276.33762449583327
2016-12-08,271.6908333333333
2016-12-09,271.7833333333333
2016-12-10,274.4216666666666
2016-12-11,278.3229166666667
2016-12-12,278.2775
2016-12-13,279.44508333333334
2016-12-14,280.9035
2016-12-15,279.99791666666664
2016-12-16,283.2658127458333
2016-12-17,280.6833097499999
2016-12-18,271.17356221666665
2016-12-19,270.7453625708333
2016-12-20,272.8220833333333
2016-12-21,276.3816666666666
2016-12-22,277.5612499999999
2016-12-23,276.0079166666666
2016-12-24,277.2595833333333
2016-12-25,276.5941666666666
2016-12-26,271.22291666666666
2016-12-27,273.91458333333327
2016-12-28,275.2366666666667
2016-12-29,276.3070833333333
2016-12-30,272.5508333333333
2016-12-31,274.6987499999999
2017-01-01,277.03541666666666
2017-01-02,275.46999999999997
2017-01-03,276.22291666666666
2017-01-04,278.45208333333335
2017-01-05,281.77708333333334
2017-01-06,272.9341666666666
2017-01-07,267.8333333333333
2017-01-08,274.33375
2017-01-09,278.13958333333335
2017-01-10,281.3575
2017-01-11,282.1254166666667
2017-01-12,279.33125
2017-01-13,278.76916666666665
2017-01-14,280.1366666666666
2017-01-15,278.42250000000007
2017-01-16,276.4
2017-01-17,278.0862499999999
2017-01-18,277.01583333333326
2017-01-19,276.45458333333335
2017-01-20,276.46624999999995
2017-01-21,275.5804166666666
2017-01-22,274.99583333333334
2017-01-23,277.3462499999999
2017-01-24,277.613
2017-01-25,271.4792083333333
2017-01-26,269.7054166666666
2017-01-27,269.7354166666666
2017-01-28,271.6124999999999
2017-01-29,274.5758333333333
2017-01-30,276.09041666666667
2017-01-31,278.4633333333333
2017-02-01,280.1033333333333
2017-02-02,278.46583333333336
2017-02-03,279.4966666666667
2017-02-04,279.7420833333333
2017-02-05,279.62875
2017-02-06,280.4583333333333
2017-02-07,278.19041666666664
2017-02-08,281.1083333333333
2017-02-09,282.42041666666665
2017-02-10,283.975
2017-02-11,287.5154166666667
2017-02-12,283.84999999999997
2017-02-13,274.96735603749994
2017-02-14,274.55923088749995
2017-02-15,272.74004166666674
2017-02-16,273.59633333333335
2017-02-17,276.3675416666668
2017-02-18,278.30575000000005
2017-02-19,278.8784999999999
2017-02-20,277.9142083333333
2017-02-21,279.80302739166655
2017-02-22,284.51625
2017-02-23,283.15333333333325
2017-02-24,276.6466666666666
2017-02-25,274.39374999999995
2017-02-26,276.835
2017-02-27,276.98666666666657
2017-02-28,282.7966666666666
2017-03-01,277.5304166666666
2017-03-02,276.6141666666667
2017-03-03,277.7245833333333
2017-03-04,282.25291666666664
2017-03-05,283.5158333333333
2017-03-06,283.91624999999993
2017-03-07,278.3404166666666
2017-03-08,281.0758333333333
2017-03-09,285.16749999999996
2017-03-10,286.7733333333333
2017-03-11,287.0016666666666
2017-03-12,284.04124999999993
2017-03-13,285.8029362583333
2017-03-14,288.06666666666666
2017-03-15,288.24628139583325
2017-03-16,288.30791666666664
2017-03-17,288.89541666666656
2017-03-18,289.6375
2017-03-19,290.4883333333333
2017-03-20,289.40833333333325
2017-03-21,290.4085111291666
2017-03-22,289.66624999999993
2017-03-23,288.9987499999999
2017-03-24,282.26374999999996
2017-03-25,285.10125
2017-03-26,284.88875
2017-03-27,284.9220833333334
2017-03-28,282.5715
2017-03-29,281.5941666666667
2017-03-30,283.48374999999993
2017-03-31,287.685
2017-04-01,277.40749999999997
2017-04-02,278.2729166666666
2017-04-03,283.73374999999993
2017-04-04,282.06458333333325
2017-04-05,280.3812499999999
2017-04-06,283.3700088958332
2017-04-07,287.55909257083334
2017-04-08,290.70666666666665
2017-04-09,289.2483333333333
2017-04-10,285.2999999999999
2017-04-11,286.2091666666667
2017-04-12,290.01874999999995
2017-04-13,287.8733229708334
2017-04-14,290.4958333333333
2017-04-15,289.54458333333326
2017-04-16,289.82458333333324
2017-04-17,290.9341666666666
2017-04-18,290.9408333333333
2017-04-19,292.96500000000003
2017-04-20,291.60999999999996
2017-04-21,290.25708333333324
2017-04-22,287.4629166666666
2017-04-23,286.44208333333336
2017-04-24,292.09166666666664
2017-04-25,288.66291666666666
2017-04-26,282.9333333333333
2017-04-27,288.2670833333333
2017-04-28,282.5233333333333
2017-04-29,276.7804166666666
2017-04-30,279.17791666666665
2017-05-01,286.65333333333336
2017-05-02,289.43625
2017-05-03,291.36625
2017-05-04,288.37375
2017-05-05,292.19458333333324
2017-05-06,294.4341666666666
2017-05-07,294.9508333333333
2017-05-08,292.0391666666667
2017-05-09,292.6316666666667
2017-05-10,285.60166666666663
2017-05-11,284.9825
2017-05-12,290.34958333333327
2017-05-13,292.91875
2017-05-14,294.0470833333334
2017-05-15,292.73249999999996
2017-05-16,289.85499999999996
2017-05-17,284.47875000000005
2017-05-18,286.9916666666666
2017-05-19,283.82666666666665
2017-05-20,285.3008333333333
2017-05-21,289.5249999999999
2017-05-22,292.37166666666667
2017-05-23,291.0429166666666
2017-05-24,291.87583333333333
2017-05-25,297.1887499999999
2017-05-26,294.2879166666666
2017-05-27,293.01249999999993
2017-05-28,292.8379166666667
2017-05-29,292.78000000000003
2017-05-30,290.7875
2017-05-31,292.40875
2017-06-01,289.96
2017-06-02,291.4954166666667
2017-06-03,293.1716666666666
2017-06-04,296.21458333333334
2017-06-05,298.5783333333333
2017-06-06,298.2020833333333
2017-06-07,296.72833333333335
2017-06-08,296.30875000000003
2017-06-09,298.1966666666666
2017-06-10,298.8325
2017-06-11,298.56166666666667
2017-06-12,297.12541666666664
2017-06-13,296.3070833333333
2017-06-14,294.96583333333336
2017-06-15,297.38124999999997
2017-06-16,299.46666666666664
2017-06-17,299.8995833333333
2017-06-18,301.19166666666666
2017-06-19,300.46533333333326
2017-06-20,302.2758333333333
2017-06-21,302.77616666666665
2017-06-22,303.6308333333333
2017-06-23,302.2541666666666
2017-06-24,298.4333333333332
2017-06-25,296.9358333333333
2017-06-26,294.9052970541666
2017-06-27,296.0425000000001
2017-06-28,298.2054166666666
2017-06-29,300.2883333333333
2017-06-30,298.7466666666666
2017-07-01,298.2341666666667
2017-07-02,297.5414339916667
2017-07-03,298.9066666666667
2017-07-04,299.80958333333336
2017-07-05,300.7808333333333
2017-07-06,299.99249999999995
2017-07-07,301.17875
2017-07-08,300.4970833333333
2017-07-09,297.47208333333333
2017-07-10,297.0872863958333
2017-07-11,299.6970833333333
2017-07-12,300.3241666666667
2017-07-13,299.0804166666666
2017-07-14,297.3208333333333
2017-07-15,298.7933333333333
2017-07-16,296.99333333333334
2017-07-17,298.5254166666667
2017-07-18,297.83458333333334
2017-07-19,299.59499999999997
2017-07-20,297.71500000000003
2017-07-21,297.21124999999995
2017-07-22,297.92375
2017-07-23,296.71875000000006
2017-07-24,296.8020833333333
2017-07-25,298.1479166666667
2017-07-26,298.1908333333333
2017-07-27,299.0708333333334
2017-07-28,295.46250000000003
2017-07-29,297.57374999999996
2017-07-30,297.48083333333335
2017-07-31,295.19125
2017-08-01,294.55875000000003
2017-08-02,296.04833333333335
2017-08-03,297.69875
2017-08-04,295.9725
2017-08-05,295.2616666666666
2017-08-06,295.90000000000003
2017-08-07,296.09166666666675
2017-08-08,296.2633333333334
2017-08-09,297.9895833333333
2017-08-10,299.25208333333336
2017-08-11,297.6729166666667
2017-08-12,293.18458333333325
2017-08-13,297.11791666666664
2017-08-14,298.0175
2017-08-15,296.08666666666664
2017-08-16,295.61579166666667
2017-08-17,296.54625000000004
2017-08-18,297.34916666666663
2017-08-19,298.41625000000005
2017-08-20,295.0191666666667
2017-08-21,292.1895833333333
2017-08-22,295.1475
2017-08-23,295.6104166666667
2017-08-24,293.14458333333334
2017-08-25,294.42875
2017-08-26,295.94874999999996
2017-08-27,296.07500000000005
2017-08-28,295.3875
2017-08-29,294.2941666666666
2017-08-30,294.0258333333333
2017-08-31,295.30583333333334
2017-09-01,295.8300000000001
2017-09-02,296.68791666666664
2017-09-03,296.36833333333334
2017-09-04,297.7799999999999
2017-09-05,295.7029166666668
2017-09-06,294.5375
2017-09-07,296.7883333333333
2017-09-08,294.5204166666666
2017-09-09,295.8995833333333
2017-09-10,294.48375000000004
2017-09-11,294.9245833333333
2017-09-12,295.52375000000006
2017-09-13,296.2566666666667
2017-09-14,294.63499999999993
2017-09-15,293.07458333333335
2017-09-16,293.6045833333333
2017-09-17,293.31916666666666
2017-09-18,292.82874999999996
2017-09-19,293.6666666666667
2017-09-20,294.88583333333327
2017-09-21,293.7720585583333
2017-09-22,294.5820833333333
2017-09-23,294.39208333333335
2017-09-24,290.14166666666665
2017-09-25,289.61
2017-09-26,289.3029166666667
2017-09-27,286.8841666666667
2017-09-28,285.71653534166666
2017-09-29,287.73041666666666
2017-09-30,287.83
2017-10-01,289.99791666666664
2017-10-02,291.1545833333334
2017-10-03,290.80916666666667
2017-10-04,294.0116666666666
2017-10-05,292.01624999999996
2017-10-06,291.79124999999993
2017-10-07,287.155
2017-10-08,287.7183333333333
2017-10-09,288.1104166666666
2017-10-10,280.4045833333333
2017-10-11,283.47916666666663
2017-10-12,287.9520833333333
2017-10-13,292.06749999999994
2017-10-14,291.45758333333333
2017-10-15,285.1479166666667
2017-10-16,283.0808333333334
2017-10-17,285.6033333333333
2017-10-18,286.7808333333334
2017-10-19,287.29333333333335
2017-10-20,287.7049999999999
2017-10-21,288.9179166666666
2017-10-22,283.7729166666666
2017-10-23,288.2433333333333
2017-10-24,285.2670833333333
2017-10-25,283.1033333333333
2017-10-26,286.30125000000004
2017-10-27,282.7229166666667
2017-10-28,279.7654166666667
2017-10-29,281.53083333333336
2017-10-30,283.1825
2017-10-31,281.06125
2017-11-01,286.1979166666666
2017-11-02,286.4875
2017-11-03,284.2816666666667
2017-11-04,287.61041666666665
2017-11-05,287.70166666666665
2017-11-06,286.31541666666664
2017-11-07,286.5420833333333
2017-11-08,281.83424257916664
2017-11-09,279.42112177083334
2017-11-10,281.7620833333333
2017-11-11,285.5170397583333
2017-11-12,282.5729166666667
2017-11-13,284.81083333333333
2017-11-14,283.93249999999995
2017-11-15,283.9734775708333
2017-11-16,281.96
2017-11-17,288.24125
2017-11-18,282.18833333333333
2017-11-19,274.74375
2017-11-20,275.64833333333326
2017-11-21,282.75208333333336
2017-11-22,280.64875
2017-11-23,281.5070833333333
2017-11-24,281.7154166666666
2017-11-25,282.56458333333336
2017-11-26,282.21125000000006
2017-11-27,281.3258333333334
2017-11-28,283.2516666666666
2017-11-29,277.64624999999995
2017-11-30,284.7
