datetime,Phoenix
2012-10-01,296.7017392636363
2012-10-02,301.21196770833336
2012-10-03,302.86708333333337
2012-10-04,302.2329166666667
2012-10-05,301.81125
2012-10-06,299.8104166666667
2012-10-07,299.2483333333334
2012-10-08,299.53208333333333
2012-10-09,299.025625
2012-10-10,299.2135416666667
2012-10-11,299.7752083333334
2012-10-12,298.9866666666667
2012-10-13,295.37166666666667
2012-10-14,292.2979166666667
2012-10-15,295.50458333333336
2012-10-16,299.6025
2012-10-17,297.9558333333334
2012-10-18,297.7895833333334
2012-10-19,297.77833333333325
2012-10-20,297.63041666666663
2012-10-21,297.07395833333334
2012-10-22,298.19125
2012-10-23,296.0425
2012-10-24,295.2304166666667
2012-10-25,294.9745833333333
2012-10-26,293.01
2012-10-27,294.9091666666667
2012-10-28,294.58875
2012-10-29,294.9170833333333
2012-10-30,294.9808333333334
2012-10-31,294.87125000000003
2012-11-01,294.27
2012-11-02,294.22583333333336
2012-11-03,294.46999999999997
2012-11-04,294.06250000000006
2012-11-05,294.70187500000003
2012-11-06,297.74708333333325
2012-11-07,295.41541666666666
2012-11-08,294.7737500000001
2012-11-09,294.0158333333332
2012-11-10,293.47791666666666
2012-11-11,288.09791666666666
2012-11-12,285.1716666666667
2012-11-13,285.6770833333333
2012-11-14,287.95041666666674
2012-11-15,289.8704166666667
2012-11-16,291.87145833333324
2012-11-17,292.8170833333334
2012-11-18,289.9760416666667
2012-11-19,290.89416666666665
2012-11-20,290.5670833333333
2012-11-21,291.34666666666664
2012-11-22,292.16833333333335
2012-11-23,290.18625
2012-11-24,290.61666666666673
2012-11-25,294.07291666666663
2012-11-26,291.7322916666667
2012-11-27,290.1933333333333
2012-11-28,290.23375000000004
2012-11-29,291.8458333333333
2012-11-30,291.0520833333333
2012-12-01,289.7316666666666
2012-12-02,288.75479166666673
2012-12-03,289.1025
2012-12-04,289.42541666666665
2012-12-05,289.454375
2012-12-06,290.8704166666667
2012-12-07,289.1585416666667
2012-12-08,288.62583333333333
2012-12-09,289.2439583333333
2012-12-10,286.0041666666668
2012-12-11,286.1233333333334
2012-12-12,282.89000000000004
2012-12-13,283.99958333333336
2012-12-14,285.85375
2012-12-15,285.71708333333333
2012-12-16,283.3495833333333
2012-12-17,281.9666666666667
2012-12-18,282.2054166666666
2012-12-19,282.78458333333333
2012-12-20,283.3706875
2012-12-21,281.17062500000003
2012-12-22,284.77916666666664
2012-12-23,286.22875
2012-12-24,283.56125
2012-12-25,283.3616666666666
2012-12-26,283.4658333333333
2012-12-27,281.40250000000003
2012-12-28,280.4710416666667
2012-12-29,279.82916666666665
2012-12-30,281.1557291666667
2012-12-31,281.68916666666667
2013-01-01,280.4679166666667
2013-01-02,278.7075
2013-01-03,281.2245833333334
2013-01-04,283.23583333333335
2013-01-05,281.32015625
2013-01-06,281.06166666666667
2013-01-07,282.28624999999994
2013-01-08,282.40962499999995
2013-01-09,282.70229166666667
2013-01-10,281.40313749999996
2013-01-11,283.8555
2013-01-12,281.23229166666664
2013-01-13,276.65008333333327
2013-01-14,275.71229166666666
2013-01-15,274.73125
2013-01-16,275.61125
2013-01-17,278.90562499999993
2013-01-18,283.8591666666667
2013-01-19,287.695
2013-01-20,286.5994375
2013-01-21,287.2477708333333
2013-01-22,288.44562499999995
2013-01-23,289.60520833333334
2013-01-24,289.4891666666667
2013-01-25,289.4847916666666
2013-01-26,287.8839791666667
2013-01-27,287.38682986249995
2013-01-28,287.4107708333334
2013-01-29,277.7667291666666
2013-01-30,279.99806249999995
2013-01-31,282.27035416666666
2013-02-01,284.1166666666666
2013-02-02,285.97437500000007
2013-02-03,286.2349791666667
2013-02-04,288.18958333333336
2013-02-05,288.72270833333334
2013-02-06,287.688875
2013-02-07,287.5783333333333
2013-02-08,287.3772916666666
2013-02-09,286.86229166666675
2013-02-10,283.5770833333333
2013-02-11,282.15254166666665
2013-02-12,281.37044444583336
2013-02-13,280.4222916666667
2013-02-14,281.71958333333333
2013-02-15,283.59875
2013-02-16,287.6770833333333
2013-02-17,289.7062499999999
2013-02-18,288.04541666666665
2013-02-19,287.41624999999993
2013-02-20,287.0325694458333
2013-02-21,283.8350763875
2013-02-22,279.18291666666664
2013-02-23,282.13000000000005
2013-02-24,283.02708333333334
2013-02-25,284.3451180541667
2013-02-26,282.80833333333334
2013-02-27,282.96606249999996
2013-02-28,285.2248020833333
2013-03-01,286.0229166666667
2013-03-02,287.66333333333336
2013-03-03,290.83729166666654
2013-03-04,290.36229166666664
2013-03-05,290.2833333333333
2013-03-06,290.12519166666664
2013-03-07,290.61593750000003
2013-03-08,290.44491666666664
2013-03-09,288.19597916666663
2013-03-10,281.2789652791667
2013-03-11,284.42904166666665
2013-03-12,287.48009722083333
2013-03-13,289.72964583333334
2013-03-14,293.52872916666666
2013-03-15,296.1066944458333
2013-03-16,295.6504375
2013-03-17,294.48116666666664
2013-03-18,293.69762499999996
2013-03-19,293.2400208333333
2013-03-20,294.0113125000001
2013-03-21,293.5679166666666
2013-03-22,295.29333333333335
2013-03-23,294.1454166666667
2013-03-24,291.9245833333333
2013-03-25,290.7170833333333
2013-03-26,292.0245833333334
2013-03-27,293.889375
2013-03-28,294.46625
2013-03-29,294.15833333333325
2013-03-30,295.0270833333333
2013-03-31,295.5516666666667
2013-04-01,294.97015972083335
2013-04-02,295.18316666666675
2013-04-03,293.20416666666665
2013-04-04,295.2291666666666
2013-04-05,295.88562499999995
2013-04-06,296.7242916666666
2013-04-07,296.3204166666667
2013-04-08,296.02125000000007
2013-04-09,295.9970833333333
2013-04-10,289.4429166666667
2013-04-11,290.19416666666666
2013-04-12,291.42750000000007
2013-04-13,294.46791666666667
2013-04-14,295.20874999999995
2013-04-15,297.0970833333334
2013-04-16,296.17499999999995
2013-04-17,294.84499999999997
2013-04-18,291.61875
2013-04-19,290.5866666666666
2013-04-20,292.02708333333334
2013-04-21,293.6825625000001
2013-04-22,297.30000000000007
2013-04-23,297.93041666666664
2013-04-24,298.70750000000004
2013-04-25,297.61791666666676
2013-04-26,296.95581250000004
2013-04-27,295.4654166666667
2013-04-28,298.79041666666666
2013-04-29,300.46875000000006
2013-04-30,301.3141666666667
2013-05-01,302.7970833333334
2013-05-02,300.4320833333333
2013-05-03,299.8925
2013-05-04,299.0641666666666
2013-05-05,298.4470833333333
2013-05-06,300.01499999999993
2013-05-07,297.4887499999999
2013-05-08,296.52208333333334
2013-05-09,294.61583333333334
2013-05-10,295.9016666666667
2013-05-11,298.0741666666666
2013-05-12,301.13874999999996
2013-05-13,301.44125
2013-05-14,302.7808333333333
2013-05-15,304.64624999999995
2013-05-16,304.11250000000007
2013-05-17,302.75139583333333
2013-05-18,301.5704166666667
2013-05-19,300.3845833333334
2013-05-20,299.8525
2013-05-21,301.7154166666667
2013-05-22,301.02833333333336
2013-05-23,302.0158333333333
2013-05-24,302.59125
2013-05-25,301.84041666666667
2013-05-26,301.3791666666666
2013-05-27,301.12125
2013-05-28,299.98145833333325
2013-05-29,299.8123958333333
2013-05-30,301.7479166666667
2013-05-31,302.9591666666666
2013-06-01,303.5891666666667
2013-06-02,305.5587500000001
2013-06-03,306.74125
2013-06-04,305.96999999999997
2013-06-05,305.0975
2013-06-06,305.12083333333334
2013-06-07,305.6408333333333
2013-06-08,307.77416666666653
2013-06-09,308.0933333333333
2013-06-10,306.69791666666674
2013-06-11,306.50664583333327
2013-06-12,306.7433333333333
2013-06-13,307.38572916666664
2013-06-14,307.95806250000004
2013-06-15,306.46583333333325
2013-06-16,306.9804166666666
2013-06-17,306.6516666666667
2013-06-18,306.4904166666666
2013-06-19,305.80716666666666
2013-06-20,303.8977625
2013-06-21,303.5107708333333
2013-06-22,304.51306041666663
2013-06-23,304.21459375
2013-06-24,304.85968750000006
2013-06-25,304.81708333333336
2013-06-26,304.80458333333337
2013-06-27,305.465625
2013-06-28,306.36499999999995
2013-06-29,308.7333333333333
2013-06-30,311.81462500000004
2013-07-01,310.9432291666665
2013-07-02,308.7058125
2013-07-03,307.7314375
2013-07-04,309.10447916666664
2013-07-05,309.38349999999997
2013-07-06,308.319375
2013-07-07,308.52708333333334
2013-07-08,309.45416666666665
2013-07-09,311.11083333333335
2013-07-10,309.33375000000007
2013-07-11,307.13520833333325
2013-07-12,305.79362499999996
2013-07-13,305.0341666666667
2013-07-14,305.40833333333336
2013-07-15,307.5632083333334
2013-07-16,309.4191666666666
2013-07-17,306.5810416666667
2013-07-18,304.9816666666666
2013-07-19,306.63916666666665
2013-07-20,306.4141666666667
2013-07-21,304.19931249999996
2013-07-22,300.70958333333334
2013-07-23,301.4861527791666
2013-07-24,304.4105
2013-07-25,307.01375
2013-07-26,306.2170833333333
2013-07-27,305.7416666666667
2013-07-28,306.30833333333334
2013-07-29,307.6385833333333
2013-07-30,307.6747916666667
2013-07-31,307.3954583333333
2013-08-01,308.10791666666665
2013-08-02,308.94583333333327
2013-08-03,307.39250000000004
2013-08-04,307.31249999999994
2013-08-05,307.6116666666666
2013-08-06,305.1345833333333
2013-08-07,302.0272708333334
2013-08-08,302.06470833333333
2013-08-09,304.19525000000004
2013-08-10,304.57160416666665
2013-08-11,306.40770833333335
2013-08-12,305.02375
2013-08-13,306.7920833333333
2013-08-14,305.36434375000005
2013-08-15,306.66379166666667
2013-08-16,309.27125
2013-08-17,309.27916666666675
2013-08-18,309.94875
2013-08-19,308.4337500000001
2013-08-20,308.6204166666667
2013-08-21,308.4802083333333
2013-08-22,306.65541666666667
2013-08-23,306.02643749999993
2013-08-24,305.1101666666667
2013-08-25,304.79261110833335
2013-08-26,302.2821041666666
2013-08-27,301.4060416666666
2013-08-28,303.08852083333335
2013-08-29,305.5521354166667
2013-08-30,302.99229166666663
2013-08-31,302.42113541666663
2013-09-01,303.5785416666667
2013-09-02,306.1285
2013-09-03,304.9898708333334
2013-09-04,306.35253124999997
2013-09-05,308.03245138750003
2013-09-06,309.1968
2013-09-07,304.01544791666663
2013-09-08,301.2851604166666
2013-09-09,298.99666666666667
2013-09-10,297.9496805541667
2013-09-11,299.0710416666667
2013-09-12,300.24517638750007
2013-09-13,303.22928125000004
2013-09-14,304.93432639166673
2013-09-15,304.38743055416666
2013-09-16,306.44805902916664
2013-09-17,307.08149999999995
2013-09-18,305.15825694583333
2013-09-19,302.62380555833334
2013-09-20,302.2985833333333
2013-09-21,302.8290520833333
2013-09-22,301.55620416666665
2013-09-23,295.66472916666663
2013-09-24,298.632375
2013-09-25,300.2402708333333
2013-09-26,300.5201944458333
2013-09-27,298.21958333333333
2013-09-28,296.88518750000003
2013-09-29,297.30818055416665
2013-09-30,297.37138541666667
2013-10-01,294.32669166666665
2013-10-02,294.8719541666666
2013-10-03,297.1491076375
2013-10-04,297.42937500000005
2013-10-05,292.5388541666667
2013-10-06,290.12512499999997
2013-10-07,296.72610416666663
2013-10-08,296.4107534708333
2013-10-09,296.89166666666665
2013-10-10,292.2225
2013-10-11,289.86791666666664
2013-10-12,291.73740069583334
2013-10-13,292.9144166666666
2013-10-14,293.8923416666667
2013-10-15,293.22268055416674
2013-10-16,291.94114583333334
2013-10-17,291.8994722208334
2013-10-18,292.71708333333333
2013-10-19,292.2360486125
2013-10-20,291.7780624999999
2013-10-21,291.0980208333334
2013-10-22,294.99215972083334
2013-10-23,294.80918055416663
2013-10-24,294.73876875
2013-10-25,293.49210000000005
2013-10-26,293.9833958333333
2013-10-27,293.60014583333333
2013-10-28,289.8222916666666
2013-10-29,287.4782083333334
2013-10-30,284.0808333333334
2013-10-31,283.36877083333343
2013-11-01,284.54495833333334
2013-11-02,286.35689583333334
2013-11-03,288.22645833333337
2013-11-04,286.3201041666666
2013-11-05,287.76897916666667
2013-11-06,287.57472222083334
2013-11-07,290.85541666666666
2013-11-08,292.07875
2013-11-09,291.7472916666667
2013-11-10,292.0133333333334
2013-11-11,293.56999999999994
2013-11-12,296.41249999999997
2013-11-13,296.9966666666667
2013-11-14,293.21125
2013-11-15,292.0841666666667
2013-11-16,291.77691666666675
2013-11-17,291.2377291666666
2013-11-18,297.1382916666666
2013-11-19,290.09625
2013-11-20,290.31416666666667
2013-11-21,288.73583333333335
2013-11-22,287.34541666666667
2013-11-23,285.16625
2013-11-24,284.60374999999993
2013-11-25,283.57166666666666
2013-11-26,285.1691666666666
2013-11-27,287.85999999999996
2013-11-28,287.2616666666666
2013-11-29,286.90022916666663
2013-11-30,286.93291666666664
2013-12-01,286.80541666666664
2013-12-02,285.8854166666667
2013-12-03,286.45875
2013-12-04,286.94041666666664
2013-12-05,281.4883333333333
2013-12-06,278.7270833333333
2013-12-07,277.878125
2013-12-08,283.5160416666667
2013-12-09,278.8317916666667
2013-12-10,280.35520833333334
2013-12-11,283.22375000000005
2013-12-12,288.70925
2013-12-13,283.97499999999997
2013-12-14,283.5247916666667
2013-12-15,285.9379166666667
2013-12-16,286.5359166666667
2013-12-17,287.1139583333333
2013-12-18,288.46354166666663
2013-12-19,290.7967291666667
2013-12-20,285.55208333333337
2013-12-21,283.32312499999995
2013-12-22,281.99520833333327
2013-12-23,283.1020833333333
2013-12-24,284.95583333333326
2013-12-25,285.92916666666673
2013-12-26,285.981625
2013-12-27,285.0379166666666
2013-12-28,284.60183333333333
2013-12-29,284.20249999999993
2013-12-30,285.3179166666667
2013-12-31,283.23437500000006
2014-01-01,284.37750000000005
2014-01-02,287.2823958333333
2014-01-03,287.36604166666666
2014-01-04,285.5141515083333
2014-01-05,283.74708333333336
2014-01-06,283.9745833333333
2014-01-07,283.9604166666666
2014-01-08,284.6588541666667
2014-01-09,283.4529166666667
2014-01-10,282.8243749999999
2014-01-11,284.0337200208333
2014-01-12,284.74833333333333
2014-01-13,285.493125
2014-01-14,289.679781825
2014-01-15,287.1954137750001
2014-01-16,286.06216666666666
2014-01-17,296.11893191249993
2014-01-18,299.6462407666666
2014-01-19,292.33625
2014-01-20,286.5223541666667
2014-01-21,287.8727083333334
2014-01-22,290.1108333333334
2014-01-23,286.9504166666667
2014-01-24,288.96808924583337
2014-01-25,290.37458333333336
2014-01-26,287.89625000000007
2014-01-27,288.87249999999995
2014-01-28,286.91291666666666
2014-01-29,286.48083333333324
2014-01-30,288.2395833333333
2014-01-31,289.9820833333333
2014-02-01,286.3179166666667
2014-02-02,283.50041666666664
2014-02-03,284.66458333333327
2014-02-04,282.28249999999997
2014-02-05,285.28
2014-02-06,283.43833333333333
2014-02-07,286.665
2014-02-08,286.2775
2014-02-09,287.79833333333335
2014-02-10,288.9633333333333
2014-02-11,290.13291666666663
2014-02-12,289.0016666666666
2014-02-13,289.81333333333333
2014-02-14,291.24708333333336
2014-02-15,291.9783333333333
2014-02-16,292.1804166666667
2014-02-17,292.42791666666665
2014-02-18,292.6116666666667
2014-02-19,292.3462500000001
2014-02-20,291.37708333333336
2014-02-21,288.39208333333335
2014-02-22,288.65875000000005
2014-02-23,290.48791666666665
2014-02-24,291.13333333333344
2014-02-25,291.1970833333333
2014-02-26,290.8554166666666
2014-02-27,291.70166666666665
2014-02-28,291.79333333333335
2014-03-01,291.6429166666667
2014-03-02,286.4725
2014-03-03,288.39500000000004
2014-03-04,290.0065
2014-03-05,290.96268749999996
2014-03-06,292.01458333333335
2014-03-07,290.81125
2014-03-08,292.88374999999996
2014-03-09,292.70833333333337
2014-03-10,291.4841666666666
2014-03-11,291.4725
2014-03-12,291.5654166666667
2014-03-13,293.1408333333333
2014-03-14,293.11916666666673
2014-03-15,291.1233333333333
2014-03-16,294.1020833333333
2014-03-17,291.8341666666667
2014-03-18,294.24541666666664
2014-03-19,290.84875000000005
2014-03-20,291.4441666666667
2014-03-21,292.39
2014-03-22,292.4120833333333
2014-03-23,292.9954166666667
2014-03-24,294.14624999999995
2014-03-25,295.00541666666663
2014-03-26,294.1204166666667
2014-03-27,290.99791666666664
2014-03-28,290.65208333333334
2014-03-29,292.4966666666667
2014-03-30,293.58666666666664
2014-03-31,291.9412500000001
2014-04-01,292.7191666666667
2014-04-02,289.6164583333333
2014-04-03,287.25124999999997
2014-04-04,289.79875
2014-04-05,292.19458333333336
2014-04-06,291.895
2014-04-07,295.42958333333337
2014-04-08,296.45083333333326
2014-04-09,297.66416666666674
2014-04-10,298.81
2014-04-11,299.37708333333336
2014-04-12,298.8345833333334
2014-04-13,295.67291666666665
2014-04-14,296.5391666666667
2014-04-15,296.2020833333333
2014-04-16,295.9825000000001
2014-04-17,298.035
2014-04-18,297.56333333333333
2014-04-19,295.3616666666666
2014-04-20,297.3528402791667
2014-04-21,299.3595833333333
2014-04-22,300.38749999999993
2014-04-23,298.0808333333333
2014-04-24,296.01375
2014-04-25,297.10541666666666
2014-04-26,294.9066666666667
2014-04-27,290.91666666666663
2014-04-28,294.26875
2014-04-29,296.1543365249999
2014-04-30,293.6932708333333
2014-05-01,295.7447916666667
2014-05-02,295.7687291666667
2014-05-03,296.41475
2014-05-04,301.08988349583336
2014-05-05,301.5033333333333
2014-05-06,298.2078089916667
2014-05-07,292.21583333333336
2014-05-08,294.09833333333336
2014-05-09,295.97416666666675
2014-05-10,297.4820416666667
2014-05-11,298.1116666666666
2014-05-12,295.9965416666667
2014-05-13,297.678875
2014-05-14,299.06920833333334
2014-05-15,300.12933333333336
2014-05-16,301.7327916666666
2014-05-17,304.04625
2014-05-18,303.015
2014-05-19,302.73333333333335
2014-05-20,301.42833333333334
2014-05-21,298.3279870666667
2014-05-22,297.4883333333332
2014-05-23,298.425
2014-05-24,298.51
2014-05-25,301.8225
2014-05-26,303.2899999999999
2014-05-27,305.31333333333333
2014-05-28,305.6820833333333
2014-05-29,305.17
2014-05-30,304.96
2014-05-31,305.8966666666667
2014-06-01,305.75333333333333
2014-06-02,305.53041666666667
2014-06-03,306.52970493749996
2014-06-04,305.6360494
2014-06-05,304.9233333333334
2014-06-06,304.4166666666666
2014-06-07,304.57
2014-06-08,305.10625000000005
2014-06-09,305.9815537291666
2014-06-10,305.86331545
2014-06-11,306.2715868083333
2014-06-12,304.4522351208334
2014-06-13,306.577425325
2014-06-14,305.45664525833337
2014-06-15,302.50199673333327
2014-06-16,301.1917814416666
2014-06-17,301.5126384833333
2014-06-18,302.9923410916668
2014-06-19,301.9368449541667
2014-06-20,303.28294364166663
2014-06-21,304.84955225416667
2014-06-22,303.9856270041667
2014-06-23,303.2611434291667
2014-06-24,301.2576668458333
2014-06-25,303.24724707916664
2014-06-26,304.57647638333333
2014-06-27,304.0109255541667
2014-06-28,304.0303574291667
2014-06-29,306.01320080833335
2014-06-30,305.1536649041667
2014-07-01,305.4525834083334
2014-07-02,308.76219564999997
2014-07-03,307.8450397041667
2014-07-04,302.8385141708333
2014-07-05,305.4557319166666
2014-07-06,306.07208333333324
2014-07-07,307.19208333333336
2014-07-08,307.6378085333333
2014-07-09,305.26833333333326
2014-07-10,306.2341666666666
2014-07-11,307.8208435749999
2014-07-12,308.5633333333333
2014-07-13,309.1762499999999
2014-07-14,305.2010834333334
2014-07-15,306.20583333333326
2014-07-16,306.18749999999994
2014-07-17,307.01208333333335
2014-07-18,306.3683333333333
2014-07-19,307.36625
2014-07-20,306.75208333333336
2014-07-21,307.0541666666667
2014-07-22,308.2441666666666
2014-07-23,311.5254166666667
2014-07-24,308.6681488541667
2014-07-25,309.63140682499994
2014-07-26,306.6920833333333
2014-07-27,306.4691316583333
2014-07-28,303.60035746249997
2014-07-29,305.59274999999997
2014-07-30,307.44477385
2014-07-31,309.58571888750004
2014-08-01,305.31734487500006
2014-08-02,301.05692538333335
2014-08-03,301.3056474499999
2014-08-04,302.67085584999995
2014-08-05,304.93
2014-08-06,306.1404166666667
2014-08-07,304.17948244999997
2014-08-08,303.9826802333334
2014-08-09,302.84272916666663
2014-08-10,303.8145416666666
2014-08-11,304.59570833333345
2014-08-12,303.32827083333336
2014-08-13,298.7945625
2014-08-14,300.02704166666666
2014-08-15,301.8656875
2014-08-16,303.39837500000004
2014-08-17,305.29618750000003
2014-08-18,302.93645833333335
2014-08-19,297.57375
2014-08-20,296.598375
2014-08-21,299.23335416666674
2014-08-22,297.50639583333333
2014-08-23,298.5118958333333
2014-08-24,300.6733125
2014-08-25,301.76927083333334
2014-08-26,298.3092083333334
2014-08-27,300.425125
2014-08-28,301.9907291666667
2014-08-29,303.07993749999997
2014-08-30,302.8759166666667
2014-08-31,303.2384166666667
2014-09-01,302.5097291666667
2014-09-02,302.43874999999997
2014-09-03,302.35364583333325
2014-09-04,303.27183333333346
2014-09-05,300.355125
2014-09-06,302.4019166666667
2014-09-07,302.1273958333333
2014-09-08,299.8507916666666
2014-09-09,298.4133125
2014-09-10,297.9097916666667
2014-09-11,299.4616458333333
2014-09-12,300.49850000000004
2014-09-13,301.8081041666666
2014-09-14,303.17310416666663
2014-09-15,302.1272083333334
2014-09-16,300.60810416666675
2014-09-17,297.46352083333335
2014-09-18,297.84718749999996
2014-09-19,299.914
2014-09-20,299.536
2014-09-21,300.87870833333335
2014-09-22,299.9904583333334
2014-09-23,300.18445833333334
2014-09-24,299.47231250000004
2014-09-25,301.5140208333333
2014-09-26,300.8271458333334
2014-09-27,298.39020833333336
2014-09-28,293.2854166666667
2014-09-29,293.0039791666666
2014-09-30,292.26585416666666
2014-10-01,292.80008333333336
2014-10-02,293.5409375000001
2014-10-03,293.69756249999995
2014-10-04,295.34627083333334
2014-10-05,295.01731250000006
2014-10-06,294.54793750000005
2014-10-07,294.66483333333326
2014-10-08,294.26158333333336
2014-10-09,292.72031250000003
2014-10-10,292.79724999999996
2014-10-11,294.5994791666667
2014-10-12,294.52112500000004
2014-10-13,293.43766666666664
2014-10-14,292.6770625000001
2014-10-15,293.6102916666666
2014-10-16,294.1307708333334
2014-10-17,294.2873958333334
2014-10-18,294.12122916666675
2014-10-19,294.20120833333334
2014-10-20,294.21593749999994
2014-10-21,294.00943750000005
2014-10-22,293.42587499999996
2014-10-23,293.26897916666667
2014-10-24,293.6723124999999
2014-10-25,295.12041666666664
2014-10-26,295.17406249999993
2014-10-27,293.79114583333336
2014-10-28,290.9552708333334
2014-10-29,291.0969375
2014-10-30,291.7885624999999
2014-10-31,293.52079166666664
2014-11-01,291.85066666666665
2014-11-02,289.34137499999997
2014-11-03,284.7009166666666
2014-11-04,285.6593333333334
2014-11-05,289.8821458333333
2014-11-06,287.55897916666663
2014-11-07,288.3421458333334
2014-11-08,288.5520833333333
2014-11-09,289.28260416666666
2014-11-10,288.698
2014-11-11,288.1907708333334
2014-11-12,287.841125
2014-11-13,286.84139583333337
2014-11-14,286.86156250000005
2014-11-15,285.74895833333335
2014-11-16,284.69222916666666
2014-11-17,280.9949791666666
2014-11-18,280.72931249999993
2014-11-19,281.40779166666664
2014-11-20,281.4776458333333
2014-11-21,282.630875
2014-11-22,282.2738125
2014-11-23,282.2393958333334
2014-11-24,280.46502083333337
2014-11-25,281.27614583333326
2014-11-26,281.64422916666666
2014-11-27,284.270875
2014-11-28,284.91439583333334
2014-11-29,285.1474583333334
2014-11-30,284.4323125
2014-12-01,284.1342916666667
2014-12-02,284.48354166666667
2014-12-03,288.0918333333334
2014-12-04,288.64250000000004
2014-12-05,284.532
2014-12-06,285.78806249999997
2014-12-07,284.8010208333333
2014-12-08,286.0437083333333
2014-12-09,287.8218541666667
2014-12-10,285.26483333333323
2014-12-11,284.78510416666666
2014-12-12,286.9621458333333
2014-12-13,287.1624583333333
2014-12-14,279.9168125
2014-12-15,278.94522916666665
2014-12-16,281.48518749999994
2014-12-17,281.1177916666667
2014-12-18,280.1878125
2014-12-19,278.8131458333333
2014-12-20,278.76275
2014-12-21,278.9497708333333
2014-12-22,279.7455
2014-12-23,280.37804166666666
2014-12-24,279.50043750000003
2014-12-25,278.6056875000001
2014-12-26,276.47675
2014-12-27,274.41345833333327
2014-12-28,273.89243749999997
2014-12-29,273.81750000000005
2014-12-30,275.2938541666667
2014-12-31,276.71981249999993
2015-01-01,273.05083333333334
2015-01-02,272.309
2015-01-03,272.7501875
2015-01-04,274.74887499999994
2015-01-05,278.4191041666667
2015-01-06,280.6139166666666
2015-01-07,282.59575
2015-01-08,287.88218749999993
2015-01-09,282.8662291666666
2015-01-10,285.10712499999994
2015-01-11,283.00362499999994
2015-01-12,285.9052291666667
2015-01-13,284.3826041666667
2015-01-14,280.85547916666667
2015-01-15,281.0240416666667
2015-01-16,281.5388541666667
2015-01-17,280.9168541666666
2015-01-18,281.9136458333334
2015-01-19,283.47312500000004
2015-01-20,282.8312916666667
2015-01-21,285.70324999999997
2015-01-22,283.4632708333333
2015-01-23,281.0494791666667
2015-01-24,282.87149999999997
2015-01-25,283.37847916666664
2015-01-26,283.82352083333336
2015-01-27,287.0409583333333
2015-01-28,284.8843541666667
2015-01-29,286.93577083333327
2015-01-30,286.5497708333333
2015-01-31,285.4124583333333
2015-02-01,283.48062500000003
2015-02-02,282.9470416666666
2015-02-03,283.83831250000003
2015-02-04,284.69033333333334
2015-02-05,285.81850000000003
2015-02-06,286.5568125
2015-02-07,286.6919166666667
2015-02-08,286.3688333333333
2015-02-09,287.53074999999995
2015-02-10,287.54408333333333
2015-02-11,287.31339583333335
2015-02-12,288.51629166666675
2015-02-13,286.8211666666666
2015-02-14,286.8110208333333
2015-02-15,291.0249375
2015-02-16,287.77091666666666
2015-02-17,286.5419375
2015-02-18,285.0377708333333
2015-02-19,286.1609583333332
2015-02-20,286.6538541666667
2015-02-21,287.26831250000004
2015-02-22,286.8648124999999
2015-02-23,287.9029166666667
2015-02-24,283.8141458333333
2015-02-25,283.1505416666667
2015-02-26,283.98675000000003
2015-02-27,285.0609375000001
2015-02-28,286.8855208333334
2015-03-01,288.26135416666665
2015-03-02,285.84781250000003
2015-03-03,282.79414583333335
2015-03-04,282.37814583333335
2015-03-05,283.2780833333333
2015-03-06,285.0567291666667
2015-03-07,289.8763333333333
2015-03-08,288.1462916666667
2015-03-09,288.25781250000006
2015-03-10,289.62068750000003
2015-03-11,289.23270833333333
2015-03-12,293.0364583333333
2015-03-13,293.94791666666663
2015-03-14,294.1540208333333
2015-03-15,292.2351875
2015-03-16,293.591125
2015-03-17,292.9332083333334
2015-03-18,293.5030208333333
2015-03-19,290.10974999999996
2015-03-20,290.0531041666667
2015-03-21,290.6982708333333
2015-03-22,291.723125
2015-03-23,291.4769375
2015-03-24,290.68066666666664
2015-03-25,290.7668125
2015-03-26,292.1975
2015-03-27,292.48133333333334
2015-03-28,293.2518333333333
2015-03-29,293.71325
2015-03-30,295.367
2015-03-31,294.9831041666667
2015-04-01,294.4987916666667
2015-04-02,292.08772916666663
2015-04-03,290.3660208333334
2015-04-04,290.4999583333334
2015-04-05,291.96143750000005
2015-04-06,290.6492083333333
2015-04-07,288.8814791666667
2015-04-08,287.49702083333335
2015-04-09,286.65091666666666
2015-04-10,288.3192291666666
2015-04-11,290.2565416666667
2015-04-12,290.1438958333333
2015-04-13,292.5444791666667
2015-04-14,293.094625
2015-04-15,292.90254166666665
2015-04-16,289.3092916666667
2015-04-17,287.0954791666667
2015-04-18,290.4094166666667
2015-04-19,292.8485
2015-04-20,293.09479166666665
2015-04-21,292.63091666666674
2015-04-22,292.2932083333333
2015-04-23,291.624375
2015-04-24,290.65675
2015-04-25,290.73856250000006
2015-04-26,289.9087916666666
2015-04-27,289.39187499999997
2015-04-28,292.890125
2015-04-29,295.4163854166666
2015-04-30,296.7648125
2015-05-01,297.66195833333336
2015-05-02,297.44693749999993
2015-05-03,297.85352083333333
2015-05-04,295.1003958333334
2015-05-05,292.9784791666666
2015-05-06,293.9973958333333
2015-05-07,292.9858125
2015-05-08,291.8545208333333
2015-05-09,288.8709791666667
2015-05-10,290.90416666666664
2015-05-11,294.4412291666667
2015-05-12,295.45222916666665
2015-05-13,294.4696458333333
2015-05-14,295.2567291666667
2015-05-15,291.4797291666667
2015-05-16,287.3315208333334
2015-05-17,289.82414583333326
2015-05-18,292.71137500000003
2015-05-19,293.3083541666667
2015-05-20,293.7919583333334
2015-05-21,295.1769583333334
2015-05-22,293.0343125
2015-05-23,293.73316666666665
2015-05-24,292.3439791666667
2015-05-25,294.23862499999996
2015-05-26,295.84437499999996
2015-05-27,296.25875
2015-05-28,297.59639583333336
2015-05-29,298.4944375
2015-05-30,299.6800625
2015-05-31,301.31872916666674
2015-06-01,301.2139375
2015-06-02,300.1183958333334
2015-06-03,298.60575
2015-06-04,297.60352083333333
2015-06-05,299.52270833333336
2015-06-06,297.0445833333333
2015-06-07,298.3181666666666
2015-06-08,300.03681250000005
2015-06-09,302.9636041666667
2015-06-10,298.03945833333336
2015-06-11,300.26743749999997
2015-06-12,300.1681062375
2015-06-13,300.7752753208333
2015-06-14,301.96897260833333
2015-06-15,303.8604258166666
2015-06-16,305.2444791666667
2015-06-17,305.9391041666667
2015-06-18,306.9709791666666
2015-06-19,306.05276480416666
2015-06-20,304.37729047499994
2015-06-21,303.968315075
2015-06-22,303.75476087916667
2015-06-23,304.6984396083333
2015-06-24,305.83994816250004
2015-06-25,306.71344118750005
2015-06-26,308.6523616416667
2015-06-27,308.5816666666667
2015-06-28,308.05070677500004
2015-06-29,308.1388963041666
2015-06-30,308.1380888916667
2015-07-01,306.93205497916665
2015-07-02,306.82666666666665
2015-07-03,306.27208333333334
2015-07-04,306.4470833333333
2015-07-05,307.13125
2015-07-06,303.51291666666674
2015-07-07,306.7475
2015-07-08,307.6925
2015-07-09,305.2658333333333
2015-07-10,303.9833333333333
2015-07-11,305.6966666666667
2015-07-12,306.023191225
2015-07-13,307.5525
2015-07-14,308.31500000000005
2015-07-15,307.7395833333333
2015-07-16,307.85083333333336
2015-07-17,306.9416666666667
2015-07-18,304.63
2015-07-19,300.85041666666666
2015-07-20,304.7191666666667
2015-07-21,306.39875
2015-07-22,307.00083333333333
2015-07-23,306.3625
2015-07-24,306.1308333333333
2015-07-25,307.2991666666667
2015-07-26,307.65333333333336
2015-07-27,307.46624999999995
2015-07-28,307.8012499999999
2015-07-29,306.05582839166664
2015-07-30,305.8879166666666
2015-07-31,308.13290256666664
2015-08-01,303.29875
2015-08-02,307.7320833333333
2015-08-03,308.36749999999995
2015-08-04,308.795
2015-08-05,308.671367325
2015-08-06,309.20708333333334
2015-08-07,307.8029166666667
2015-08-08,303.31458333333336
2015-08-09,307.08166666666665
2015-08-10,307.01360231250004
2015-08-11,306.09625
2015-08-12,304.8320833333334
2015-08-13,308.77458333333334
2015-08-14,310.69666666666666
2015-08-15,310.6775
2015-08-16,310.50291666666664
2015-08-17,309.6174606291666
2015-08-18,307.79583333333335
2015-08-19,307.10166666666663
2015-08-20,307.48999999999995
2015-08-21,307.4633333333333
2015-08-22,307.6723095375
2015-08-23,307.25083333333333
2015-08-24,307.63500000000005
2015-08-25,306.2608333333333
2015-08-26,304.4654166666667
2015-08-27,307.5608333333333
2015-08-28,304.8479166666666
2015-08-29,308.21189824166674
2015-08-30,307.05043838333336
2015-08-31,307.26166666666666
2015-09-01,303.23417545416663
2015-09-02,304.49557622500004
2015-09-03,304.7429166666667
2015-09-04,300.78916666666674
2015-09-05,302.09000000000003
2015-09-06,304.21958333333333
2015-09-07,305.44125
2015-09-08,306.0983333333333
2015-09-09,304.44750000000005
2015-09-10,303.9654166666666
2015-09-11,302.06375
2015-09-12,305.70875000000007
2015-09-13,306.45041666666674
2015-09-14,302.1075873875
2015-09-15,302.39208333333335
2015-09-16,302.26671195
2015-09-17,302.29333333333335
2015-09-18,302.42541666666665
2015-09-19,303.28875
2015-09-20,304.9683333333333
2015-09-21,303.51851179166664
2015-09-22,298.00369659583333
2015-09-23,299.55337479166667
2015-09-24,302.99907402916665
2015-09-25,304.9981704333333
2015-09-26,305.46022204166667
2015-09-27,304.38743781249997
2015-09-28,304.46557551666666
2015-09-29,303.9338044083333
2015-09-30,304.04597142499995
2015-10-01,304.4138917166667
2015-10-02,302.58864465
2015-10-03,299.1682520916667
2015-10-04,300.1346080666667
2015-10-05,298.64067262916666
2015-10-06,295.0727810416667
2015-10-07,292.7077067916666
2015-10-08,296.1627586541667
2015-10-09,299.52394762499995
2015-10-10,300.9829299
2015-10-11,300.59212667916665
2015-10-12,300.7472007833333
2015-10-13,301.08750000000003
2015-10-14,300.76673934166666
2015-10-15,301.28909059583333
2015-10-16,300.8571498458333
2015-10-17,297.80458250000004
2015-10-18,298.09083852500004
2015-10-19,296.18249438750007
2015-10-20,294.6580130291666
2015-10-21,292.4346532291666
2015-10-22,291.3453196958333
2015-10-23,292.75724520416674
2015-10-24,291.775375
2015-10-25,294.9086458333333
2015-10-26,294.114625
2015-10-27,292.90292876250004
2015-10-28,295.73397281666666
2015-10-29,295.3491048666668
2015-10-30,291.1477825416667
2015-10-31,291.07114885833334
2015-11-01,292.1506852
2015-11-02,293.0312933541666
2015-11-03,293.86994817500005
2015-11-04,289.08054635
2015-11-05,285.37984505000003
2015-11-06,286.3347424875
2015-11-07,288.8619823083333
2015-11-08,292.26917757083334
2015-11-09,290.43419622083326
2015-11-10,289.06686264583334
2015-11-11,285.5133045958334
2015-11-12,285.6762995625
2015-11-13,289.6994216
2015-11-14,288.9705885916666
2015-11-15,287.9890224833333
2015-11-16,285.4610504666667
2015-11-17,282.48076201250007
2015-11-18,283.180238225
2015-11-19,285.1354013666666
2015-11-20,287.9683281875
2015-11-21,290.10315917500003
2015-11-22,290.7626907625
2015-11-23,288.82008705416666
2015-11-24,288.43651358333335
2015-11-25,289.5433688708333
2015-11-26,286.27590381666664
2015-11-27,282.20074926250004
2015-11-28,281.871191725
2015-11-29,281.47681792083335
2015-11-30,280.45171925000005
2015-12-01,280.7480033625
2015-12-02,281.68165535
2015-12-03,284.4843669291666
2015-12-04,285.85564025416664
2015-12-05,285.57713980833336
2015-12-06,286.1256306
2015-12-07,288.5881048
2015-12-08,286.37344154166664
2015-12-09,286.29059772500005
2015-12-10,286.5145604583334
2015-12-11,287.6389785416667
2015-12-12,284.8776076
2015-12-13,280.9052920374999
2015-12-14,281.68876707083336
2015-12-15,278.8772621416666
2015-12-16,278.1416167416667
2015-12-17,278.255345075
2015-12-18,280.91725352916666
2015-12-19,283.6276224250001
2015-12-20,284.21827828333335
2015-12-21,282.72443509166663
2015-12-22,281.8002405875
2015-12-23,285.40244034999995
2015-12-24,286.351333375
2015-12-25,284.6227776
2015-12-26,280.3407548750001
2015-12-27,281.1063736500001
2015-12-28,279.6668200583333
2015-12-29,279.95921441666655
2015-12-30,278.7359088083333
2015-12-31,279.4822355041666
2016-01-01,280.73521178333334
2016-01-02,284.6314472458333
2016-01-03,286.2200339666666
2016-01-04,288.0392831291667
2016-01-05,284.7204722208333
2016-01-06,284.9980728083334
2016-01-07,282.9588609
2016-01-08,281.15709713749993
2016-01-09,280.9657897791667
2016-01-10,281.12878352083334
2016-01-11,281.63996536250005
2016-01-12,281.1781961875
2016-01-13,281.67891825
2016-01-14,281.6882663541667
2016-01-15,281.6391360083333
2016-01-16,281.31929407083334
2016-01-17,283.3066743583333
2016-01-18,283.6364274166666
2016-01-19,283.57729727916666
2016-01-20,286.18802414583337
2016-01-21,286.06128939583334
2016-01-22,285.718170475
2016-01-23,286.11614227083334
2016-01-24,285.1856648125
2016-01-25,284.00789105833326
2016-01-26,285.4145799333333
2016-01-27,285.2024493083333
2016-01-28,284.6642617041667
2016-01-29,284.906040475
2016-01-30,285.27670235
2016-01-31,287.53316871249996
2016-02-01,285.1318036875
2016-02-02,279.8601385125001
2016-02-03,278.9298413208334
2016-02-04,280.0454740333334
2016-02-05,284.5349288874999
2016-02-06,285.8900000000001
2016-02-07,286.7995833333333
2016-02-08,290.8941666666666
2016-02-09,291.9362499999999
2016-02-10,291.2878244541667
2016-02-11,290.4405990833334
2016-02-12,290.3169971541667
2016-02-13,290.1313301
2016-02-14,289.93362239583337
2016-02-15,291.00939496666666
2016-02-16,291.838583
2016-02-17,291.68792311666664
2016-02-18,292.10956335416665
2016-02-19,291.37122967499994
2016-02-20,290.4804281166667
2016-02-21,291.19152733333334
2016-02-22,290.71165740416666
2016-02-23,291.22971155
2016-02-24,289.12971560416673
2016-02-25,289.2791884708333
2016-02-26,291.27507552083335
2016-02-27,291.46932973333327
2016-02-28,291.1451591166667
2016-02-29,292.05153036666667
2016-03-01,293.3269694041667
2016-03-02,292.9582858833333
2016-03-03,293.3612292208333
2016-03-04,293.48315105833336
2016-03-05,292.929097
2016-03-06,293.5249718708333
2016-03-07,289.86742466666664
2016-03-08,286.811796675
2016-03-09,289.5971088166668
2016-03-10,291.7112519749999
2016-03-11,292.4668738208333
2016-03-12,291.4580686333333
2016-03-13,288.5351272583334
2016-03-14,291.21278484583337
2016-03-15,292.3870381666666
2016-03-16,293.29204188750003
2016-03-17,293.3419964208333
2016-03-18,293.44575247083327
2016-03-19,294.9150372333334
2016-03-20,295.3445986291667
2016-03-21,295.67752266250005
2016-03-22,296.4079810791667
2016-03-23,291.76266670416663
2016-03-24,290.0659284875
2016-03-25,291.3803028375
2016-03-26,293.7365283041667
2016-03-27,293.3020964333333
2016-03-28,294.59024568750004
2016-03-29,291.53523832083334
2016-03-30,287.52396827499996
2016-03-31,287.8748389583333
2016-04-01,289.94229659583334
2016-04-02,292.2332324541666
2016-04-03,293.77436730000005
2016-04-04,295.2126464833333
2016-04-05,296.3081115875
2016-04-06,299.03586274583336
2016-04-07,299.03756883333324
2016-04-08,295.0877418791667
2016-04-09,293.62125174166664
2016-04-10,292.4873835
2016-04-11,289.2908568958334
2016-04-12,293.24718773750004
2016-04-13,294.7401332458333
2016-04-14,296.2355763916666
2016-04-15,296.18354616666664
2016-04-16,292.6939733625
2016-04-17,294.845439625
2016-04-18,295.24433161250005
2016-04-19,295.9852296458333
2016-04-20,297.2485504375
2016-04-21,299.49125000000004
2016-04-22,299.88725615833334
2016-04-23,299.39842439583344
2016-04-24,296.0943792458333
2016-04-25,296.67071862083327
2016-04-26,291.6468579833333
2016-04-27,292.83880260000007
2016-04-28,293.8695006416666
2016-04-29,293.38499999999993
2016-04-30,294.90624999999994
2016-05-01,291.26750000000004
2016-05-02,295.0108333333333
2016-05-03,298.54625000000004
2016-05-04,301.06458333333325
2016-05-05,301.76666666666665
2016-05-06,296.5345833333333
2016-05-07,291.65666666666664
2016-05-08,293.8170833333333
2016-05-09,294.5883333333333
2016-05-10,297.19249999999994
2016-05-11,299.1433333333334
2016-05-12,301.11583333333334
2016-05-13,302.7658333333333
2016-05-14,303.78583333333336
2016-05-15,301.7329166666667
2016-05-16,299.9151337583333
2016-05-17,299.16499999999996
2016-05-18,297.64708333333334
2016-05-19,298.5345833333334
2016-05-20,301.8320833333333
2016-05-21,300.51500000000004
2016-05-22,298.01583333333326
2016-05-23,297.64500000000004
2016-05-24,298.3246828833333
2016-05-25,297.40096396250004
2016-05-26,296.75517939583335
2016-05-27,297.90803942916665
2016-05-28,299.96579540000005
2016-05-29,301.3715593125
2016-05-30,300.4946353208333
2016-05-31,300.27778279583333
2016-06-01,303.6919975541667
2016-06-02,304.9347497416667
2016-06-03,306.7870833333334
2016-06-04,308.79125
2016-06-05,308.9504166666666
2016-06-06,308.24458333333337
2016-06-07,307.20250000000004
2016-06-08,307.11375000000004
2016-06-09,307.0966666666667
2016-06-10,306.065
2016-06-11,304.2645833333333
2016-06-12,304.79333333333335
2016-06-13,304.71833333333336
2016-06-14,303.30000000000007
2016-06-15,303.23099999999994
2016-06-16,304.7525
2016-06-17,304.6662500000001
2016-06-18,306.34875000000005
2016-06-19,309.9904166666667
2016-06-20,312.67375
2016-06-21,311.4433333333334
2016-06-22,310.2920833333333
2016-06-23,310.28666666666663
2016-06-24,308.84041666666667
2016-06-25,308.62125
2016-06-26,308.6479166666667
2016-06-27,308.89875
2016-06-28,309.64208333333335
2016-06-29,309.88624999999996
2016-06-30,304.7357797749999
2016-07-01,303.75916666666666
2016-07-02,304.45041666666674
2016-07-03,307.58583333333337
2016-07-04,308.54666666666657
2016-07-05,308.9575
2016-07-06,308.4954166666667
2016-07-07,307.64624999999995
2016-07-08,308.0854166666666
2016-07-09,308.90875
2016-07-10,309.62124999999986
2016-07-11,308.8104166666667
2016-07-12,307.1025499500001
2016-07-13,308.02677797916664
2016-07-14,306.51258333333334
2016-07-15,306.38962499999997
2016-07-16,306.3130416666666
2016-07-17,307.5865833333332
2016-07-18,308.92933333333326
2016-07-19,316.03800000000024
2016-07-20,315.08545833333346
2016-07-21,308.89724999999993
2016-07-22,311.29208333333344
2016-07-23,310.3220833333333
2016-07-24,309.87
2016-07-25,309.07958333333335
2016-07-26,309.2708333333333
2016-07-27,310.6816666666666
2016-07-28,310.50000000000006
2016-07-29,310.73625
2016-07-30,305.79166666666674
2016-07-31,306.5083333333334
2016-08-01,304.2558333333333
2016-08-02,306.02083333333326
2016-08-03,302.8925
2016-08-04,304.53916666666663
2016-08-05,304.7604166666666
2016-08-06,306.2999999999999
2016-08-07,308.65125000000006
2016-08-08,309.08416666666676
2016-08-09,306.95004166666666
2016-08-10,305.12483333333336
2016-08-11,303.68833333333333
2016-08-12,306.27208333333334
2016-08-13,307.3329166666667
2016-08-14,307.96958333333333
2016-08-15,308.76750000000004
2016-08-16,309.1933333333333
2016-08-17,309.22583333333336
2016-08-18,307.9783333333334
2016-08-19,306.30499999999995
2016-08-20,305.2966666666666
2016-08-21,303.5229166666667
2016-08-22,303.9445833333333
2016-08-23,302.60916666666657
2016-08-24,303.93673572083327
2016-08-25,304.2104166666667
2016-08-26,304.9
2016-08-27,303.8125
2016-08-28,303.1920833333333
2016-08-29,304.9916666666666
2016-08-30,306.66458333333327
2016-08-31,306.92124999999993
2016-09-01,306.8828521499999
2016-09-02,306.225
2016-09-03,306.84666666666664
2016-09-04,304.6704166666667
2016-09-05,302.81
2016-09-06,304.28333333333336
2016-09-07,302.52625000000006
2016-09-08,300.8329166666667
2016-09-09,303.7320833333333
2016-09-10,305.3429166666666
2016-09-11,305.2583333333333
2016-09-12,305.1270833333333
2016-09-13,303.07291666666663
2016-09-14,302.78333333333336
2016-09-15,300.9216666666666
2016-09-16,299.935
2016-09-17,300.5620833333333
2016-09-18,301.61192316666666
2016-09-19,302.865
2016-09-20,302.5420905875
2016-09-21,301.61503461666666
2016-09-22,301.40490364166664
2016-09-23,298.7004166666667
2016-09-24,295.8333333333333
2016-09-25,299.69518104583335
2016-09-26,301.49916666666667
2016-09-27,298.4612636416667
2016-09-28,300.4025
2016-09-29,301.2808333333333
2016-09-30,300.97875000000005
2016-10-01,301.1983333333333
2016-10-02,298.54333333333335
2016-10-03,296.53
2016-10-04,294.30541666666676
2016-10-05,292.69616666666656
2016-10-06,293.06429166666663
2016-10-07,293.7054583333334
2016-10-08,298.6197405833333
2016-10-09,298.3748749999999
2016-10-10,297.30487499999987
2016-10-11,296.1580000000001
2016-10-12,295.81762499999996
2016-10-13,293.8709166666667
2016-10-14,293.271494975
2016-10-15,293.71766878750003
2016-10-16,293.97544056250007
2016-10-17,292.6588749999999
2016-10-18,293.0726666666667
2016-10-19,292.57213427916673
2016-10-20,295.3805123416667
2016-10-21,298.5460745875
2016-10-22,295.9825
2016-10-23,295.65341666666666
2016-10-24,296.66912499999995
2016-10-25,296.06891666666667
2016-10-26,295.1992083333333
2016-10-27,297.52204166666667
2016-10-28,298.6736666666667
2016-10-29,295.44245833333326
2016-10-30,295.3992083333333
2016-10-31,294.28983333333326
2016-11-01,292.3327083333333
2016-11-02,293.6516666666667
2016-11-03,296.3645833333333
2016-11-04,292.27083333333337
2016-11-05,293.57083333333327
2016-11-06,293.99083333333334
2016-11-07,294.4479166666667
2016-11-08,297.0220833333333
2016-11-09,297.8220833333333
2016-11-10,295.25791666666663
2016-11-11,294.81625
2016-11-12,294.5358333333333
2016-11-13,293.30791666666664
2016-11-14,293.3883333333333
2016-11-15,293.5204166666667
2016-11-16,292.55333333333334
2016-11-17,291.3999999999999
2016-11-18,287.9845833333333
2016-11-19,290.9591666666667
2016-11-20,292.78916666666663
2016-11-21,290.07083333333327
2016-11-22,286.9791666666667
2016-11-23,288.00499999999994
2016-11-24,288.79856530416663
2016-11-25,290.585
2016-11-26,291.4229166666666
2016-11-27,287.67458333333326
2016-11-28,283.37999999999994
2016-11-29,283.6295833333333
2016-11-30,282.50635173333336
2016-12-01,282.10458333333327
2016-12-02,283.31849716666665
2016-12-03,285.8304166666666
2016-12-04,286.19704582083335
2016-12-05,284.59693422916666
2016-12-06,284.5309869083333
2016-12-07,285.71742358333336
2016-12-08,284.4583333333333
2016-12-09,286.08416666666665
2016-12-10,286.66999999999996
2016-12-11,287.81749999999994
2016-12-12,287.9470833333333
2016-12-13,289.21541666666656
2016-12-14,288.5420833333333
2016-12-15,288.9574999999999
2016-12-16,290.6431841708333
2016-12-17,288.06049833333327
2016-12-18,281.25386334583334
2016-12-19,286.0101159125
2016-12-20,288.07666666666665
2016-12-21,289.6070833333333
2016-12-22,289.40083333333325
2016-12-23,286.80458333333326
2016-12-24,285.26124999999996
2016-12-25,280.70208333333335
2016-12-26,280.12499999999994
2016-12-27,283.7820833333334
2016-12-28,284.7025
2016-12-29,286.38416666666666
2016-12-30,289.7979166666666
2016-12-31,287.54249999999996
2017-01-01,286.0208333333333
2017-01-02,283.9916666666666
2017-01-03,283.1254166666667
2017-01-04,284.80583333333334
2017-01-05,285.13208333333336
2017-01-06,287.4316666666666
2017-01-07,283.84791666666655
2017-01-08,286.36625
2017-01-09,287.7504166666667
2017-01-10,286.04125000000005
2017-01-11,286.4670833333333
2017-01-12,285.2383333333333
2017-01-13,287.43666666666667
2017-01-14,287.7608333333333
2017-01-15,285.8529166666666
2017-01-16,285.09708333333333
2017-01-17,283.75041666666664
2017-01-18,284.4675
2017-01-19,284.1137499999999
2017-01-20,282.95708333333323
2017-01-21,284.35874999999993
2017-01-22,282.54374999999993
2017-01-23,285.6683333333333
2017-01-24,281.2719583333334
2017-01-25,279.008625
2017-01-26,280.3108333333334
2017-01-27,282.2995833333334
2017-01-28,282.36208333333326
2017-01-29,284.5891666666667
2017-01-30,287.6533333333333
2017-01-31,286.5920833333333
2017-02-01,286.03166666666664
2017-02-02,286.97875
2017-02-03,286.9312499999999
2017-02-04,286.77291666666656
2017-02-05,287.76250000000005
2017-02-06,288.68083333333334
2017-02-07,287.85708333333326
2017-02-08,289.65708333333333
2017-02-09,291.27624999999995
2017-02-10,292.47874999999993
2017-02-11,293.02083333333326
2017-02-12,292.06374999999997
2017-02-13,291.2930903999999
2017-02-14,287.6389396583333
2017-02-15,286.5223333333333
2017-02-16,285.588
2017-02-17,286.66024999999996
2017-02-18,286.6734583333334
2017-02-19,283.1399583333334
2017-02-20,284.918375
2017-02-21,286.06882855
2017-02-22,290.7054166666666
2017-02-23,288.0495833333333
2017-02-24,283.40083333333325
2017-02-25,283.08625000000006
2017-02-26,287.3495833333333
2017-02-27,286.22291666666655
2017-02-28,285.9220833333333
2017-03-01,285.7445833333333
2017-03-02,287.90333333333325
2017-03-03,291.0754166666666
2017-03-04,290.15583333333325
2017-03-05,290.49875
2017-03-06,287.5454166666666
2017-03-07,286.47458333333327
2017-03-08,289.6045833333333
2017-03-09,291.97625
2017-03-10,293.24125
2017-03-11,294.32041666666663
2017-03-12,295.03916666666663
2017-03-13,295.6018392083333
2017-03-14,296.3270833333333
2017-03-15,296.2739187333333
2017-03-16,295.92583333333334
2017-03-17,296.98875
2017-03-18,297.4966666666666
2017-03-19,297.6987499999999
2017-03-20,298.47124999999994
2017-03-21,297.8806431083333
2017-03-22,295.5608333333333
2017-03-23,290.3591666666667
2017-03-24,288.8545833333333
2017-03-25,291.4099999999999
2017-03-26,291.9166666666666
2017-03-27,292.70958333333334
2017-03-28,292.58625
2017-03-29,293.8270833333333
2017-03-30,294.2804166666666
2017-03-31,292.9316666666667
2017-04-01,287.7945833333333
2017-04-02,290.02791666666667
2017-04-03,294.00999999999993
2017-04-04,293.0112500000001
2017-04-05,293.2404166666666
2017-04-06,294.69989899166666
2017-04-07,296.4795493166666
2017-04-08,295.6283333333333
2017-04-09,293.86166666666657
2017-04-10,292.34625
2017-04-11,293.6475
2017-04-12,295.8908333333333
2017-04-13,296.85640437083333
2017-04-14,296.5525
2017-04-15,295.4995833333333
2017-04-16,295.92541666666665
2017-04-17,296.8683333333332
2017-04-18,297.9441666666666
2017-04-19,299.47874999999993
2017-04-20,297.2641666666666
2017-04-21,298.0370833333333
2017-04-22,298.7820833333332
2017-04-23,299.77124999999995
2017-04-24,300.5229166666666
2017-04-25,297.97625
2017-04-26,297.0245833333333
2017-04-27,298.83958333333334
2017-04-28,298.6324999999999
2017-04-29,293.0633333333332
2017-04-30,294.7075
2017-05-01,296.59
2017-05-02,298.8845833333333
2017-05-03,301.8579166666667
2017-05-04,303.11833333333334
2017-05-05,304.2608333333333
2017-05-06,304.7433333333333
2017-05-07,295.22083333333325
2017-05-08,292.40375
2017-05-09,291.33083333333326
2017-05-10,292.17375
2017-05-11,295.79041666666666
2017-05-12,300.50999999999993
2017-05-13,301.9016666666666
2017-05-14,300.34791666666666
2017-05-15,298.00624999999997
2017-05-16,293.6541666666666
2017-05-17,293.88708333333335
2017-05-18,296.8779166666667
2017-05-19,295.64708333333346
2017-05-20,298.0154166666667
2017-05-21,301.1858333333333
2017-05-22,302.9379166666667
2017-05-23,305.02000000000004
2017-05-24,304.69875
2017-05-25,305.35375000000005
2017-05-26,301.64416666666665
2017-05-27,300.37125
2017-05-28,301.83666666666664
2017-05-29,303.265
2017-05-30,303.78458333333333
2017-05-31,304.1195833333333
2017-06-01,303.44624999999996
2017-06-02,302.4208333333334
2017-06-03,305.0154166666667
2017-06-04,306.5220833333334
2017-06-05,307.3545833333333
2017-06-06,307.03124999999994
2017-06-07,306.08083333333326
2017-06-08,305.33875
2017-06-09,305.7049999999999
2017-06-10,305.01000000000005
2017-06-11,303.91666666666663
2017-06-12,301.28999999999996
2017-06-13,299.56958333333336
2017-06-14,301.2825
2017-06-15,303.52833333333336
2017-06-16,304.9941666666667
2017-06-17,306.75
2017-06-18,307.08916666666664
2017-06-19,309.64125000000007
2017-06-20,311.5199999999999
2017-06-21,312.05308333333323
2017-06-22,310.96916666666664
2017-06-23,309.4029166666666
2017-06-24,310.0195833333333
2017-06-25,312.1370833333333
2017-06-26,310.2987500000001
2017-06-27,309.65500000000003
2017-06-28,307.77624999999995
2017-06-29,307.35041666666666
2017-06-30,307.0416666666666
2017-07-01,307.60125
2017-07-02,308.1691680208333
2017-07-03,308.28041666666667
2017-07-04,308.8324999999999
2017-07-05,309.54
2017-07-06,309.9466666666666
2017-07-07,311.74333333333334
2017-07-08,313.1470833333333
2017-07-09,309.19
2017-07-10,308.83211659583327
2017-07-11,307.37583333333333
2017-07-12,307.69958333333335
2017-07-13,308.5533333333333
2017-07-14,308.70625
2017-07-15,308.5145833333333
2017-07-16,305.54875
2017-07-17,303.68291666666664
2017-07-18,304.99375000000003
2017-07-19,304.59583333333336
2017-07-20,306.03916666666663
2017-07-21,305.63000000000005
2017-07-22,306.36208333333326
2017-07-23,305.83458333333334
2017-07-24,300.97166666666664
2017-07-25,303.5841666666667
2017-07-26,306.41208333333327
2017-07-27,308.7083333333334
2017-07-28,306.95875
2017-07-29,305.65416666666664
2017-07-30,302.5541666666666
2017-07-31,307.0041666666666
2017-08-01,307.14500000000004
2017-08-02,305.2224999999999
2017-08-03,305.0129166666666
2017-08-04,303.16125
2017-08-05,306.6929166666667
2017-08-06,306.92875
2017-08-07,306.8691666666667
2017-08-08,307.09000000000003
2017-08-09,307.84916666666663
2017-08-10,308.74875
2017-08-11,306.3041666666667
2017-08-12,307.28291666666667
2017-08-13,303.6212500000001
2017-08-14,305.7966666666667
2017-08-15,305.7870833333333
2017-08-16,302.9431666666666
2017-08-17,304.52416666666664
2017-08-18,304.6520833333333
2017-08-19,305.7320833333334
2017-08-20,306.01416666666665
2017-08-21,305.8933333333334
2017-08-22,306.315
2017-08-23,307.9191666666667
2017-08-24,304.90791666666667
2017-08-25,306.99999999999994
2017-08-26,308.5958333333333
2017-08-27,308.80333333333334
2017-08-28,309.73958333333326
2017-08-29,309.29333333333335
2017-08-30,309.22041666666667
2017-08-31,308.7245833333334
2017-09-01,307.1858333333334
2017-09-02,307.06041666666664
2017-09-03,305.1666666666667
2017-09-04,304.95916666666665
2017-09-05,306.9025
2017-09-06,307.97583333333324
2017-09-07,306.75291666666664
2017-09-08,304.5695833333333
2017-09-09,303.2320833333333
2017-09-10,304.16791666666666
2017-09-11,307.7866666666667
2017-09-12,308.11583333333334
2017-09-13,308.09166666666664
2017-09-14,306.85583333333335
2017-09-15,303.01375
2017-09-16,301.5987499999999
2017-09-17,302.28333333333325
2017-09-18,301.42124999999993
2017-09-19,301.44583333333327
2017-09-20,301.81666666666666
2017-09-21,301.83699831249993
2017-09-22,300.24833333333333
2017-09-23,296.80666666666656
2017-09-24,295.58416666666665
2017-09-25,295.21958333333333
2017-09-26,295.8754166666666
2017-09-27,297.97124999999994
2017-09-28,298.1637509291667
2017-09-29,299.93833333333333
2017-09-30,300.5229166666666
2017-10-01,300.07541666666674
2017-10-02,299.9179166666666
2017-10-03,298.51500000000004
2017-10-04,300.09791666666666
2017-10-05,301.5404166666666
2017-10-06,300.19708333333335
2017-10-07,298.9883333333333
2017-10-08,297.19583333333327
2017-10-09,298.3612500000001
2017-10-10,297.6983333333333
2017-10-11,299.2525
2017-10-12,298.6933333333332
2017-10-13,298.32250000000005
2017-10-14,298.0671666666667
2017-10-15,298.61208333333326
2017-10-16,300.4033333333334
2017-10-17,301.02874999999995
2017-10-18,300.2533333333333
2017-10-19,300.9529166666667
2017-10-20,298.6308333333333
2017-10-21,295.51166666666666
2017-10-22,295.60833333333335
2017-10-23,297.6020833333333
2017-10-24,300.7079166666667
2017-10-25,300.9733333333333
2017-10-26,297.6304166666667
2017-10-27,296.9058333333333
2017-10-28,296.5720833333333
2017-10-29,296.62916666666666
2017-10-30,295.62875
2017-10-31,294.3233333333334
2017-11-01,293.7675
2017-11-02,294.1916666666667
2017-11-03,293.4933333333334
2017-11-04,295.17541666666665
2017-11-05,294.19125
2017-11-06,292.3245833333334
2017-11-07,294.27875
2017-11-08,294.4566185416666
2017-11-09,294.936912775
2017-11-10,293.76624999999996
2017-11-11,293.3866810208333
2017-11-12,292.7675
2017-11-13,294.89083333333326
2017-11-14,293.9208333333333
2017-11-15,292.75441004166663
2017-11-16,293.1504166666667
2017-11-17,293.22041666666667
2017-11-18,292.12624999999997
2017-11-19,290.5279166666666
2017-11-20,290.34374999999994
2017-11-21,290.0824999999999
2017-11-22,292.6308333333333
2017-11-23,293.9416666666666
2017-11-24,293.03375
2017-11-25,293.02000000000004
2017-11-26,292.88083333333327
2017-11-27,292.2145833333334
2017-11-28,290.28416666666664
2017-11-29,290.0066666666666
2017-11-30,297.15
