datetime,San Diego
2012-10-01,291.5734950272727
2012-10-02,295.291471525
2012-10-03,297.87874999999997
2012-10-04,296.08083333333326
2012-10-05,293.894375
2012-10-06,292.8147916666666
2012-10-07,292.38208333333336
2012-10-08,293.69166666666666
2012-10-09,293.3520833333334
2012-10-10,292.77083333333337
2012-10-11,292.73895833333324
2012-10-12,290.2879166666667
2012-10-13,290.3129166666666
2012-10-14,290.4129166666667
2012-10-15,292.9145833333333
2012-10-16,295.64333333333343
2012-10-17,293.74499999999995
2012-10-18,296.3929166666666
2012-10-19,296.69916666666666
2012-10-20,293.00875
2012-10-21,292.4060416666667
2012-10-22,291.1360416666667
2012-10-23,291.0820833333334
2012-10-24,289.81333333333333
2012-10-25,289.3064583333333
2012-10-26,289.5308333333333
2012-10-27,292.7141666666667
2012-10-28,294.30208333333337
2012-10-29,292.92333333333335
2012-10-30,291.7879166666666
2012-10-31,289.8616666666667
2012-11-01,289.5991666666667
2012-11-02,290.15625
2012-11-03,289.8854166666667
2012-11-04,288.8879166666666
2012-11-05,291.77270833333336
2012-11-06,299.25916666666666
2012-11-07,291.7454166666667
2012-11-08,289.67625
2012-11-09,289.7383333333334
2012-11-10,288.6445833333334
2012-11-11,286.6766666666666
2012-11-12,286.3297916666667
2012-11-13,285.6170833333333
2012-11-14,287.75833333333327
2012-11-15,288.46000000000004
2012-11-16,290.28416666666664
2012-11-17,290.90583333333336
2012-11-18,290.0004166666667
2012-11-19,289.84208333333333
2012-11-20,287.79375
2012-11-21,287.68541666666664
2012-11-22,287.0391666666667
2012-11-23,287.2779166666666
2012-11-24,287.5391666666667
2012-11-25,288.59541666666667
2012-11-26,287.4172916666666
2012-11-27,287.72125
2012-11-28,286.56874999999997
2012-11-29,288.4820833333334
2012-11-30,288.96791666666655
2012-12-01,290.07
2012-12-02,290.11083333333323
2012-12-03,290.0058333333332
2012-12-04,289.08854166666674
2012-12-05,289.75083333333333
2012-12-06,288.75083333333333
2012-12-07,288.17795833333327
2012-12-08,288.12833333333333
2012-12-09,288.76812499999994
2012-12-10,286.56458333333336
2012-12-11,286.77833333333336
2012-12-12,286.95979166666666
2012-12-13,286.35083333333336
2012-12-14,287.0970833333334
2012-12-15,285.24166666666673
2012-12-16,284.20750000000004
2012-12-17,285.02000000000004
2012-12-18,286.94624999999996
2012-12-19,286.84375
2012-12-20,283.15062500000005
2012-12-21,283.7660416666667
2012-12-22,283.0783333333333
2012-12-23,283.294375
2012-12-24,283.90458333333333
2012-12-25,285.04249999999996
2012-12-26,284.99541666666664
2012-12-27,284.61541666666665
2012-12-28,284.56354166666665
2012-12-29,283.12958333333336
2012-12-30,283.4563541666666
2012-12-31,282.41437499999995
2013-01-01,280.98166666666674
2013-01-02,282.58250000000004
2013-01-03,284.3045833333333
2013-01-04,283.4074999999999
2013-01-05,283.20911458333336
2013-01-06,283.08333333333337
2013-01-07,283.0129166666666
2013-01-08,283.86330555416663
2013-01-09,284.0797916666666
2013-01-10,283.2513631958333
2013-01-11,285.23278472083337
2013-01-12,282.8354166666667
2013-01-13,280.7755833333333
2013-01-14,280.5863541666667
2013-01-15,280.4612500000001
2013-01-16,280.65479166666665
2013-01-17,283.39266666666657
2013-01-18,286.00583333333327
2013-01-19,288.07958333333335
2013-01-20,288.6358333333333
2013-01-21,288.4865208333333
2013-01-22,289.15416666666664
2013-01-23,290.1033333333333
2013-01-24,290.99645833333335
2013-01-25,290.2308333333333
2013-01-26,288.79033333333336
2013-01-27,287.5016041666666
2013-01-28,285.7244861125001
2013-01-29,279.6422986125
2013-01-30,281.9161875
2013-01-31,284.09333333333336
2013-02-01,286.04875
2013-02-02,287.7941666666667
2013-02-03,288.551875
2013-02-04,289.8495833333334
2013-02-05,286.1310416666666
2013-02-06,285.0533333333334
2013-02-07,285.84020833333324
2013-02-08,284.50000000000006
2013-02-09,284.54624999999993
2013-02-10,282.3706250000001
2013-02-11,282.47999999999996
2013-02-12,282.82474999999994
2013-02-13,283.2799236125
2013-02-14,283.4150000000001
2013-02-15,284.6941666666666
2013-02-16,288.67520833333333
2013-02-17,291.2929166666667
2013-02-18,286.89208333333335
2013-02-19,285.39479166666666
2013-02-20,284.32430555416664
2013-02-21,283.0841736125
2013-02-22,282.5466666666667
2013-02-23,282.76333333333326
2013-02-24,283.98375000000004
2013-02-25,284.98848611249997
2013-02-26,284.81366666666673
2013-02-27,284.1608333333333
2013-02-28,286.6147145833333
2013-03-01,287.79625000000004
2013-03-02,290.9352083333333
2013-03-03,292.7260416666667
2013-03-04,289.4897916666667
2013-03-05,287.16895833333336
2013-03-06,286.0329624999999
2013-03-07,285.465625
2013-03-08,285.1525208333333
2013-03-09,284.42
2013-03-10,283.69497916666666
2013-03-11,284.7803125
2013-03-12,287.07972916666665
2013-03-13,287.0767083333333
2013-03-14,288.88528472083334
2013-03-15,288.56775
2013-03-16,287.7985416666667
2013-03-17,286.40177083333333
2013-03-18,286.65672916666665
2013-03-19,287.0368333333334
2013-03-20,287.892
2013-03-21,288.28999999999996
2013-03-22,287.58958333333334
2013-03-23,287.97083333333336
2013-03-24,286.85374999999993
2013-03-25,287.2379166666667
2013-03-26,288.10374999999993
2013-03-27,288.2406041666667
2013-03-28,287.70374999999996
2013-03-29,288.0508333333334
2013-03-30,288.675
2013-03-31,289.1066666666667
2013-04-01,288.3504583333333
2013-04-02,288.2966666666667
2013-04-03,287.9966666666666
2013-04-04,287.75083333333333
2013-04-05,288.46770833333335
2013-04-06,289.0783333333333
2013-04-07,288.8787499999999
2013-04-08,288.7433333333334
2013-04-09,287.46458333333334
2013-04-10,286.7120833333333
2013-04-11,288.18375000000003
2013-04-12,289.12833333333333
2013-04-13,288.3979166666666
2013-04-14,287.8616666666667
2013-04-15,286.48625
2013-04-16,285.8654166666667
2013-04-17,285.856875
2013-04-18,286.3175
2013-04-19,289.34749999999997
2013-04-20,290.46791666666667
2013-04-21,290.81297916666665
2013-04-22,290.235
2013-04-23,288.8166666666668
2013-04-24,288.71083333333337
2013-04-25,287.99625
2013-04-26,288.8289375
2013-04-27,289.33250000000004
2013-04-28,289.65083333333337
2013-04-29,289.5691666666667
2013-04-30,289.43458333333336
2013-05-01,288.91770833333334
2013-05-02,290.0329166666667
2013-05-03,291.5896666666667
2013-05-04,294.96000000000004
2013-05-05,291.06541666666675
2013-05-06,289.6120833333334
2013-05-07,288.52916666666664
2013-05-08,289.60875
2013-05-09,288.98708333333326
2013-05-10,289.7295833333334
2013-05-11,290.1783333333333
2013-05-12,291.70374999999996
2013-05-13,293.4873125
2013-05-14,297.5047916666667
2013-05-15,294.2991666666666
2013-05-16,290.61875
2013-05-17,290.1302083333333
2013-05-18,290.2925
2013-05-19,290.74875
2013-05-20,291.1033333333333
2013-05-21,291.3604166666666
2013-05-22,291.6429166666666
2013-05-23,291.09791666666666
2013-05-24,289.7516666666667
2013-05-25,290.0158333333334
2013-05-26,289.46708333333333
2013-05-27,289.59666666666664
2013-05-28,289.64250000000004
2013-05-29,290.4552083333333
2013-05-30,291.1433333333333
2013-05-31,292.03541666666666
2013-06-01,291.5945833333333
2013-06-02,291.56250000000006
2013-06-03,290.7849999999999
2013-06-04,291.38916666666665
2013-06-05,291.16166666666675
2013-06-06,291.3520833333334
2013-06-07,290.7975
2013-06-08,290.1354166666667
2013-06-09,290.3216666666667
2013-06-10,290.4795833333333
2013-06-11,291.0299791666667
2013-06-12,291.43666666666655
2013-06-13,290.9407291666667
2013-06-14,291.2645208333333
2013-06-15,290.43874999999997
2013-06-16,289.6508333333333
2013-06-17,290.31749999999994
2013-06-18,291.1483333333333
2013-06-19,291.359
2013-06-20,290.9992416666667
2013-06-21,291.319625
2013-06-22,291.98687291666664
2013-06-23,291.49516666666676
2013-06-24,290.91354166666673
2013-06-25,291.02625
2013-06-26,292.27375
2013-06-27,293.8272083333334
2013-06-28,295.3588541666666
2013-06-29,295.4629166666667
2013-06-30,296.48525
2013-07-01,297.1185416666666
2013-07-02,297.1634999999999
2013-07-03,294.8165208333333
2013-07-04,295.86652083333325
2013-07-05,293.7847083333333
2013-07-06,292.84229166666665
2013-07-07,293.01708333333335
2013-07-08,293.25416666666666
2013-07-09,294.32749999999993
2013-07-10,295.42375
2013-07-11,295.09937499999995
2013-07-12,293.9148749999999
2013-07-13,294.20624999999995
2013-07-14,294.45500000000004
2013-07-15,294.8085416666666
2013-07-16,295.033625
2013-07-17,294.40291666666667
2013-07-18,293.5585416666667
2013-07-19,294.00562500000007
2013-07-20,292.80125
2013-07-21,291.3108333333333
2013-07-22,291.9308333333334
2013-07-23,293.20601388750003
2013-07-24,293.8858333333333
2013-07-25,293.3854166666667
2013-07-26,292.91937500000006
2013-07-27,293.2295833333333
2013-07-28,293.0316666666667
2013-07-29,291.83833333333337
2013-07-30,291.42416666666674
2013-07-31,291.69816666666657
2013-08-01,291.35020833333334
2013-08-02,291.32395833333334
2013-08-03,292.2456458333333
2013-08-04,291.87500000000006
2013-08-05,291.1566666666666
2013-08-06,292.1254166666667
2013-08-07,291.6043333333334
2013-08-08,291.768875
2013-08-09,291.82337499999994
2013-08-10,291.0492083333334
2013-08-11,289.498125
2013-08-12,290.77625
2013-08-13,291.75416666666666
2013-08-14,291.85871875
2013-08-15,292.1698541666666
2013-08-16,293.049875
2013-08-17,294.2967499999999
2013-08-18,294.54204166666665
2013-08-19,293.45416666666665
2013-08-20,292.6558333333334
2013-08-21,293.2114583333333
2013-08-22,294.49125
2013-08-23,294.81958333333336
2013-08-24,295.19683333333336
2013-08-25,294.13954166666673
2013-08-26,294.1816875
2013-08-27,297.5535416666667
2013-08-28,296.7685416666666
2013-08-29,297.28819791666666
2013-08-30,297.6772291666667
2013-08-31,299.19728125
2013-09-01,297.56187500000004
2013-09-02,295.5708958333333
2013-09-03,297.6108708333333
2013-09-04,297.72690624999996
2013-09-05,298.2757152791666
2013-09-06,299.6579701374999
2013-09-07,298.69673958333334
2013-09-08,296.5615979166667
2013-09-09,294.58770833333335
2013-09-10,293.8551111125
2013-09-11,292.94735416666657
2013-09-12,293.43648194166667
2013-09-13,294.0519895833333
2013-09-14,293.3155277791666
2013-09-15,294.38085416666655
2013-09-16,294.88912222083326
2013-09-17,292.69405555416665
2013-09-18,292.21110416666664
2013-09-19,290.9131875
2013-09-20,291.5681249958333
2013-09-21,290.5205555541667
2013-09-22,291.4710354166666
2013-09-23,291.41741319583326
2013-09-24,294.29803472083336
2013-09-25,292.2969166666666
2013-09-26,290.89561111250003
2013-09-27,290.6572916666667
2013-09-28,293.5938333333333
2013-09-29,292.6606180541666
2013-09-30,292.0472361125
2013-10-01,290.60617083333335
2013-10-02,288.39416250000005
2013-10-03,290.7161909708332
2013-10-04,291.4752083333333
2013-10-05,293.8023958333334
2013-10-06,293.60132638749997
2013-10-07,293.1890347208334
2013-10-08,289.87585763749996
2013-10-09,289.6754583333332
2013-10-10,288.05895833333324
2013-10-11,287.8916458333333
2013-10-12,289.4496180541667
2013-10-13,288.4054013875
2013-10-14,288.42353958333337
2013-10-15,292.15695139166667
2013-10-16,292.69830555416667
2013-10-17,292.6385694458333
2013-10-18,291.3943749999999
2013-10-19,291.9305763875
2013-10-20,290.70379860833333
2013-10-21,287.874625
2013-10-22,291.5789375
2013-10-23,288.44287499999996
2013-10-24,288.50496458333333
2013-10-25,288.93352222499993
2013-10-26,290.3575083333333
2013-10-27,289.14754166666665
2013-10-28,286.8926041666667
2013-10-29,285.40893750000004
2013-10-30,282.57145833333334
2013-10-31,283.7541875
2013-11-01,285.8100624999999
2013-11-02,286.7246041666666
2013-11-03,284.049375
2013-11-04,282.76802083333337
2013-11-05,282.39202083333333
2013-11-06,286.52397569583337
2013-11-07,291.38310416666667
2013-11-08,290.3975000000001
2013-11-09,289.0858333333333
2013-11-10,290.44791666666674
2013-11-11,288.9358333333334
2013-11-12,290.3187500000001
2013-11-13,293.32374999999996
2013-11-14,293.04770833333333
2013-11-15,289.66499999999996
2013-11-16,288.41979166666664
2013-11-17,287.7929791666666
2013-11-18,288.25487499999997
2013-11-19,288.0518541666667
2013-11-20,288.69374999999997
2013-11-21,289.01249999999993
2013-11-22,287.04999999999995
2013-11-23,287.2218541666666
2013-11-24,285.18833333333333
2013-11-25,284.8033541666667
2013-11-26,287.1
2013-11-27,289.0125
2013-11-28,286.5959375
2013-11-29,287.0773125
2013-11-30,287.48625
2013-12-01,288.61041666666665
2013-12-02,288.59791666666666
2013-12-03,286.8491666666667
2013-12-04,286.5445833333333
2013-12-05,283.2870833333333
2013-12-06,281.3270833333333
2013-12-07,282.50395833333334
2013-12-08,282.8783333333334
2013-12-09,280.37908333333337
2013-12-10,281.9022916666666
2013-12-11,285.24666666666667
2013-12-12,285.7171249999999
2013-12-13,282.6387499999999
2013-12-14,283.35458333333327
2013-12-15,285.4912499999999
2013-12-16,288.2386041666667
2013-12-17,290.32187500000003
2013-12-18,289.41333333333324
2013-12-19,288.35985416666665
2013-12-20,282.59375000000006
2013-12-21,283.7452083333333
2013-12-22,284.06902083333335
2013-12-23,286.9291666666667
2013-12-24,288.22437499999995
2013-12-25,289.8097916666666
2013-12-26,289.2577708333334
2013-12-27,288.98875000000004
2013-12-28,288.21812500000004
2013-12-29,285.73375
2013-12-30,287.06812499999995
2013-12-31,286.24618749999996
2014-01-01,285.39624999999995
2014-01-02,288.5805208333333
2014-01-03,287.62145833333335
2014-01-04,287.2374923625
2014-01-05,287.13041666666675
2014-01-06,289.1266666666666
2014-01-07,287.1837500000001
2014-01-08,285.92531249999996
2014-01-09,286.1075
2014-01-10,285.29375
2014-01-11,286.95950000000005
2014-01-12,285.9060416666667
2014-01-13,289.0645833333333
2014-01-14,288.3489583333332
2014-01-15,292.58500394166674
2014-01-16,292.10195833333336
2014-01-17,296.0457561708334
2014-01-18,297.82330269166675
2014-01-19,292.8348958333333
2014-01-20,288.9977083333333
2014-01-21,289.14708333333334
2014-01-22,289.91041666666666
2014-01-23,285.77062500000005
2014-01-24,287.70458102083336
2014-01-25,290.3020833333333
2014-01-26,288.1478958333334
2014-01-27,288.3475
2014-01-28,286.7637499999999
2014-01-29,287.18125000000003
2014-01-30,286.54625000000004
2014-01-31,286.7191666666667
2014-02-01,284.26499999999993
2014-02-02,283.4925
2014-02-03,284.43708333333336
2014-02-04,284.36791666666676
2014-02-05,284.8112499999999
2014-02-06,284.9683333333333
2014-02-07,285.62583333333333
2014-02-08,285.51958333333334
2014-02-09,286.4808333333333
2014-02-10,286.77
2014-02-11,287.04541666666665
2014-02-12,289.6454166666666
2014-02-13,291.19750000000005
2014-02-14,291.0220833333333
2014-02-15,290.97708333333327
2014-02-16,289.4358333333333
2014-02-17,287.5866666666666
2014-02-18,287.21958333333333
2014-02-19,287.2270833333334
2014-02-20,287.38708333333335
2014-02-21,290.17249999999996
2014-02-22,288.3333333333333
2014-02-23,287.31374999999997
2014-02-24,287.2091666666667
2014-02-25,288.46083333333337
2014-02-26,288.2866666666667
2014-02-27,288.28041666666667
2014-02-28,289.7366666666667
2014-03-01,287.96625
2014-03-02,286.78875
2014-03-03,286.7229166666667
2014-03-04,287.7710833333333
2014-03-05,287.4494583333333
2014-03-06,288.9904166666667
2014-03-07,289.27208333333334
2014-03-08,290.50208333333336
2014-03-09,293.6645833333333
2014-03-10,292.3908333333333
2014-03-11,289.0137500000001
2014-03-12,288.4483333333333
2014-03-13,288.31208333333336
2014-03-14,287.87166666666667
2014-03-15,288.935
2014-03-16,293.3454166666666
2014-03-17,291.40749999999997
2014-03-18,289.5820833333334
2014-03-19,288.58208333333334
2014-03-20,288.54041666666666
2014-03-21,289.10874999999993
2014-03-22,288.24791666666664
2014-03-23,288.0895833333333
2014-03-24,289.02416666666664
2014-03-25,288.0820833333333
2014-03-26,287.91625
2014-03-27,287.5729166666667
2014-03-28,287.1245833333333
2014-03-29,288.65458333333333
2014-03-30,289.1791666666666
2014-03-31,287.0045833333333
2014-04-01,286.4395833333333
2014-04-02,285.8329166666666
2014-04-03,285.1379166666666
2014-04-04,285.60958333333326
2014-04-05,286.11875000000003
2014-04-06,287.98499999999996
2014-04-07,291.8441666666667
2014-04-08,294.40875000000005
2014-04-09,294.0795833333333
2014-04-10,291.6120833333334
2014-04-11,291.60083333333336
2014-04-12,289.06458333333325
2014-04-13,288.1958333333334
2014-04-14,289.765
2014-04-15,290.2133333333333
2014-04-16,289.1229166666667
2014-04-17,288.8104166666667
2014-04-18,289.6816666666666
2014-04-19,290.1566666666666
2014-04-20,289.92450694583334
2014-04-21,290.70166666666665
2014-04-22,289.9270833333333
2014-04-23,288.8341666666666
2014-04-24,289.8554166666667
2014-04-25,289.0345833333333
2014-04-26,287.5395833333333
2014-04-27,287.6141666666667
2014-04-28,288.99666666666667
2014-04-29,291.99832244583337
2014-04-30,292.96827083333335
2014-05-01,294.85520833333334
2014-05-02,293.7031041666666
2014-05-03,294.1918333333333
2014-05-04,292.2836979166666
2014-05-05,290.17249999999996
2014-05-06,288.9627365958334
2014-05-07,287.96204166666666
2014-05-08,288.9870833333334
2014-05-09,289.13458333333335
2014-05-10,290.47204166666666
2014-05-11,290.13124999999997
2014-05-12,293.67379166666666
2014-05-13,297.34962499999995
2014-05-14,298.97912499999995
2014-05-15,299.8216666666668
2014-05-16,300.15625000000006
2014-05-17,294.9320833333333
2014-05-18,291.9295833333333
2014-05-19,291.2570833333334
2014-05-20,290.16458333333327
2014-05-21,289.4754891291666
2014-05-22,290.5925
2014-05-23,290.83874999999995
2014-05-24,290.8775
2014-05-25,291.67958333333337
2014-05-26,292.37375000000003
2014-05-27,293.38166666666666
2014-05-28,292.2849999999999
2014-05-29,292.3662499999999
2014-05-30,291.95166666666665
2014-05-31,292.31583333333333
2014-06-01,292.55333333333334
2014-06-02,292.7433333333334
2014-06-03,292.74633790416664
2014-06-04,293.18956790000004
2014-06-05,292.7308333333334
2014-06-06,291.8883333333334
2014-06-07,291.61125
2014-06-08,291.8254166666666
2014-06-09,292.0176491124999
2014-06-10,292.131111225
2014-06-11,292.2560367708333
2014-06-12,291.75507955
2014-06-13,291.67763143749994
2014-06-14,291.315087725
2014-06-15,291.82601539166666
2014-06-16,290.60675423333333
2014-06-17,289.8716161166667
2014-06-18,290.23236139166676
2014-06-19,290.92451678333333
2014-06-20,292.88092764999993
2014-06-21,292.8269775833333
2014-06-22,292.79372265833337
2014-06-23,291.77801409166665
2014-06-24,290.7125179708333
2014-06-25,291.98675348750004
2014-06-26,293.0325195958333
2014-06-27,292.0717236208332
2014-06-28,292.88611954999993
2014-06-29,293.2740501833334
2014-06-30,292.6226445666666
2014-07-01,292.5786953291667
2014-07-02,294.14637626250004
2014-07-03,294.4754412375
2014-07-04,295.51535365
2014-07-05,297.09063422500003
2014-07-06,297.7604166666667
2014-07-07,297.17916666666673
2014-07-08,295.3170548708334
2014-07-09,294.90375000000006
2014-07-10,294.98333333333335
2014-07-11,295.1408417916667
2014-07-12,294.8258333333333
2014-07-13,294.57374999999996
2014-07-14,294.0588592666666
2014-07-15,293.8291666666667
2014-07-16,294.54249999999996
2014-07-17,294.60083333333324
2014-07-18,293.82249999999993
2014-07-19,293.5491666666667
2014-07-20,294.3837499999999
2014-07-21,295.04458333333326
2014-07-22,294.9129166666667
2014-07-23,296.1166666666666
2014-07-24,298.28720815
2014-07-25,296.87789127083335
2014-07-26,295.9008333333333
2014-07-27,295.8350636333333
2014-07-28,296.5896596625
2014-07-29,296.6500416666667
2014-07-30,296.6686715416667
2014-07-31,297.21240216666666
2014-08-01,296.29565100416664
2014-08-02,295.80879340416664
2014-08-03,296.17464438750005
2014-08-04,296.87574295833326
2014-08-05,294.88499999999993
2014-08-06,294.41083333333336
2014-08-07,292.0688177458333
2014-08-08,291.991178125
2014-08-09,293.0125208333333
2014-08-10,293.8593333333333
2014-08-11,296.259375
2014-08-12,294.9303541666667
2014-08-13,295.06852083333337
2014-08-14,294.6885
2014-08-15,296.4156875
2014-08-16,296.8328749999999
2014-08-17,296.68056249999995
2014-08-18,295.9322916666667
2014-08-19,293.2956249999999
2014-08-20,291.97962499999994
2014-08-21,292.8562708333333
2014-08-22,294.4273541666666
2014-08-23,292.3223125
2014-08-24,291.18477083333335
2014-08-25,293.7901041666667
2014-08-26,294.79150000000004
2014-08-27,295.572
2014-08-28,297.03864583333336
2014-08-29,296.38618749999995
2014-08-30,295.078
2014-08-31,295.56237500000003
2014-09-01,294.24306249999995
2014-09-02,293.1138541666666
2014-09-03,292.37450000000007
2014-09-04,291.88224999999994
2014-09-05,292.08845833333334
2014-09-06,296.54045833333333
2014-09-07,297.44302083333326
2014-09-08,297.43829166666666
2014-09-09,295.92164583333334
2014-09-10,295.04312500000003
2014-09-11,296.90227083333343
2014-09-12,297.43287499999997
2014-09-13,298.91122916666666
2014-09-14,299.9553958333333
2014-09-15,300.06575000000004
2014-09-16,299.8737291666667
2014-09-17,300.65518749999995
2014-09-18,296.3753125
2014-09-19,293.179625
2014-09-20,291.6672500000001
2014-09-21,290.7276666666667
2014-09-22,292.37183333333326
2014-09-23,293.53237500000006
2014-09-24,295.4160625
2014-09-25,296.6567291666666
2014-09-26,295.2990208333333
2014-09-27,290.55166666666656
2014-09-28,288.1010416666667
2014-09-29,288.84668750000003
2014-09-30,290.84397916666666
2014-10-01,290.91154166666666
2014-10-02,292.88156250000003
2014-10-03,293.63310416666667
2014-10-04,295.1671041666668
2014-10-05,294.1683541666667
2014-10-06,292.9979375
2014-10-07,293.7357916666667
2014-10-08,294.00637500000005
2014-10-09,290.7598958333333
2014-10-10,290.0209583333333
2014-10-11,290.35260416666665
2014-10-12,290.57424999999995
2014-10-13,290.6147500000001
2014-10-14,289.91039583333327
2014-10-15,288.1520208333333
2014-10-16,287.3830416666667
2014-10-17,288.1926041666667
2014-10-18,287.6431041666667
2014-10-19,289.3064166666666
2014-10-20,290.014375
2014-10-21,290.9021458333333
2014-10-22,288.43733333333336
2014-10-23,290.67210416666666
2014-10-24,291.7316875
2014-10-25,291.2437291666667
2014-10-26,288.4678125
2014-10-27,285.89531250000005
2014-10-28,287.1240208333333
2014-10-29,288.6063125
2014-10-30,288.39325
2014-10-31,286.926
2014-11-01,287.8157708333333
2014-11-02,285.26377083333335
2014-11-03,283.08164583333337
2014-11-04,283.472875
2014-11-05,285.26652083333323
2014-11-06,288.1829375
2014-11-07,288.69422916666673
2014-11-08,289.3843749999999
2014-11-09,289.39758333333333
2014-11-10,285.57404166666663
2014-11-11,285.4923333333333
2014-11-12,285.14020833333336
2014-11-13,284.0710833333333
2014-11-14,285.77875
2014-11-15,284.09218749999997
2014-11-16,286.8161875
2014-11-17,283.3387291666666
2014-11-18,283.33295833333335
2014-11-19,283.0051875
2014-11-20,282.4604583333334
2014-11-21,286.284
2014-11-22,283.2930833333333
2014-11-23,283.1425208333334
2014-11-24,282.96543749999995
2014-11-25,283.05164583333334
2014-11-26,284.40985416666666
2014-11-27,286.81775
2014-11-28,287.57064583333334
2014-11-29,284.7386041666668
2014-11-30,282.983875
2014-12-01,282.8645
2014-12-02,285.5132291666667
2014-12-03,287.4308958333333
2014-12-04,287.9909375
2014-12-05,283.28616666666665
2014-12-06,286.69795833333336
2014-12-07,285.4713333333333
2014-12-08,286.3869375
2014-12-09,284.4077916666667
2014-12-10,284.1591041666666
2014-12-11,284.87364583333334
2014-12-12,285.09339583333343
2014-12-13,284.0343333333334
2014-12-14,278.8166875
2014-12-15,279.9833750000001
2014-12-16,282.0435208333334
2014-12-17,282.798
2014-12-18,280.401875
2014-12-19,280.22460416666667
2014-12-20,280.5299375
2014-12-21,282.6435208333333
2014-12-22,283.4491458333333
2014-12-23,284.18845833333336
2014-12-24,283.2493958333333
2014-12-25,284.70360416666665
2014-12-26,278.70487499999996
2014-12-27,275.8004375000001
2014-12-28,275.4851458333333
2014-12-29,276.4997916666667
2014-12-30,275.92614583333335
2014-12-31,278.59272916666663
2015-01-01,273.19197916666667
2015-01-02,274.03399999999993
2015-01-03,275.01477083333333
2015-01-04,276.5608541666667
2015-01-05,280.07795833333336
2015-01-06,282.80129166666666
2015-01-07,283.64991666666674
2015-01-08,284.7222916666667
2015-01-09,285.7131041666666
2015-01-10,283.8326458333334
2015-01-11,285.44737499999997
2015-01-12,284.23322916666666
2015-01-13,283.0977083333334
2015-01-14,282.3471458333333
2015-01-15,281.6657083333333
2015-01-16,281.58520833333336
2015-01-17,282.99029166666656
2015-01-18,282.9084375
2015-01-19,283.09499999999997
2015-01-20,283.1562916666666
2015-01-21,281.8928333333334
2015-01-22,281.68879166666665
2015-01-23,281.78854166666673
2015-01-24,282.09910416666656
2015-01-25,284.3274375
2015-01-26,285.848
2015-01-27,285.3696041666666
2015-01-28,284.3416458333333
2015-01-29,287.12431250000003
2015-01-30,287.4924791666666
2015-01-31,283.75256250000007
2015-02-01,284.2967708333333
2015-02-02,284.50849999999997
2015-02-03,284.74716666666666
2015-02-04,284.6857708333334
2015-02-05,284.7643333333333
2015-02-06,286.29379166666666
2015-02-07,284.1768125
2015-02-08,286.75268750000004
2015-02-09,286.53804166666663
2015-02-10,284.60710416666666
2015-02-11,286.19464583333337
2015-02-12,289.2975416666667
2015-02-13,287.66074999999995
2015-02-14,288.4881041666667
2015-02-15,288.2056666666667
2015-02-16,285.7282083333333
2015-02-17,284.2617291666667
2015-02-18,285.02475000000004
2015-02-19,285.00627083333336
2015-02-20,284.02989583333334
2015-02-21,283.2802916666667
2015-02-22,284.43147916666663
2015-02-23,284.3169791666667
2015-02-24,281.1146666666667
2015-02-25,282.6067916666666
2015-02-26,282.19664583333326
2015-02-27,282.2505208333333
2015-02-28,284.71520833333335
2015-03-01,282.80250000000007
2015-03-02,281.1597916666667
2015-03-03,279.72175
2015-03-04,280.7812708333334
2015-03-05,282.6806874999999
2015-03-06,284.33172916666666
2015-03-07,287.28727083333337
2015-03-08,286.5447291666666
2015-03-09,284.1557291666667
2015-03-10,286.28943749999996
2015-03-11,287.56760416666674
2015-03-12,288.6822916666667
2015-03-13,290.95312499999994
2015-03-14,292.94047916666676
2015-03-15,293.45497916666665
2015-03-16,292.834875
2015-03-17,290.9519583333334
2015-03-18,289.3946875
2015-03-19,288.17225
2015-03-20,288.28852083333334
2015-03-21,287.5503541666667
2015-03-22,285.5111458333334
2015-03-23,284.8617083333333
2015-03-24,285.45983333333334
2015-03-25,286.69910416666664
2015-03-26,290.4881250000001
2015-03-27,292.11466666666666
2015-03-28,290.98516666666666
2015-03-29,289.9934583333333
2015-03-30,290.33575
2015-03-31,288.4769791666667
2015-04-01,285.819625
2015-04-02,285.43252083333334
2015-04-03,287.5191458333333
2015-04-04,288.8687083333333
2015-04-05,285.25935416666675
2015-04-06,285.244
2015-04-07,282.8282291666667
2015-04-08,285.3220208333333
2015-04-09,284.99154166666665
2015-04-10,283.9108958333334
2015-04-11,286.1357083333333
2015-04-12,286.1032708333333
2015-04-13,287.6069791666667
2015-04-14,287.2217083333333
2015-04-15,286.835875
2015-04-16,287.34887499999996
2015-04-17,287.8861041666667
2015-04-18,288.514625
2015-04-19,287.69225
2015-04-20,286.04062500000003
2015-04-21,286.6371666666666
2015-04-22,285.238
2015-04-23,285.1535416666667
2015-04-24,286.0421666666666
2015-04-25,286.2468958333333
2015-04-26,286.5806666666667
2015-04-27,288.22520833333334
2015-04-28,290.4067916666666
2015-04-29,292.86534375
2015-04-30,293.97418749999997
2015-05-01,294.2296666666667
2015-05-02,292.37402083333336
2015-05-03,288.42227083333336
2015-05-04,288.76393749999994
2015-05-05,287.21806250000003
2015-05-06,286.08177083333334
2015-05-07,285.82018750000003
2015-05-08,283.1899375
2015-05-09,283.7928541666666
2015-05-10,286.60520833333334
2015-05-11,289.0443541666668
2015-05-12,288.53764583333333
2015-05-13,284.77485416666667
2015-05-14,284.32547916666664
2015-05-15,284.35577083333334
2015-05-16,285.93360416666667
2015-05-17,286.2085208333333
2015-05-18,286.0290833333334
2015-05-19,286.2312708333334
2015-05-20,285.7805
2015-05-21,285.8479166666666
2015-05-22,285.68014583333337
2015-05-23,286.31233333333324
2015-05-24,286.21481249999994
2015-05-25,288.04175
2015-05-26,289.100625
2015-05-27,289.22749999999996
2015-05-28,288.8213958333333
2015-05-29,290.7371458333333
2015-05-30,292.31547916666665
2015-05-31,291.07914583333326
2015-06-01,289.88789583333335
2015-06-02,289.01735416666673
2015-06-03,288.10245833333335
2015-06-04,288.48052083333334
2015-06-05,286.9871666666667
2015-06-06,287.0778125
2015-06-07,290.61189583333334
2015-06-08,294.7425416666666
2015-06-09,294.55422916666663
2015-06-10,292.97643750000003
2015-06-11,291.95285416666667
2015-06-12,291.196458875
2015-06-13,291.18668651250005
2015-06-14,291.6668699416667
2015-06-15,293.85909244583337
2015-06-16,294.8080208333333
2015-06-17,294.0391041666667
2015-06-18,295.0834791666666
2015-06-19,294.1740755
2015-06-20,294.0727325291667
2015-06-21,293.39336115416666
2015-06-22,293.8385279666666
2015-06-23,293.70252941250004
2015-06-24,294.0462327375001
2015-06-25,293.4098675999999
2015-06-26,294.4165972375
2015-06-27,293.83625
2015-06-28,295.4894254416667
2015-06-29,295.1372250291667
2015-06-30,294.7780081083334
2015-07-01,295.95637900833333
2015-07-02,295.13
2015-07-03,294.59291666666667
2015-07-04,293.82374999999996
2015-07-05,292.87833333333333
2015-07-06,292.7416666666667
2015-07-07,292.64833333333326
2015-07-08,293.0183333333334
2015-07-09,292.95250000000004
2015-07-10,292.73791666666665
2015-07-11,292.8279166666666
2015-07-12,293.611842925
2015-07-13,294.145
2015-07-14,294.31875
2015-07-15,293.77791666666667
2015-07-16,294.03416666666675
2015-07-17,294.5520833333333
2015-07-18,294.32458333333324
2015-07-19,297.69624999999996
2015-07-20,296.715
2015-07-21,295.2808333333333
2015-07-22,296.2629166666667
2015-07-23,296.24166666666673
2015-07-24,296.0625
2015-07-25,296.4470833333333
2015-07-26,296.2437499999999
2015-07-27,294.21458333333334
2015-07-28,294.0970833333333
2015-07-29,295.0477620625
2015-07-30,296.2433333333334
2015-07-31,296.2056384666667
2015-08-01,295.3845833333333
2015-08-02,295.07
2015-08-03,295.4920833333333
2015-08-04,296.11666666666673
2015-08-05,296.86700527499994
2015-08-06,296.4704166666667
2015-08-07,295.02125
2015-08-08,294.1962500000001
2015-08-09,293.70624999999995
2015-08-10,293.911862625
2015-08-11,294.2516666666667
2015-08-12,294.605
2015-08-13,297.2579166666667
2015-08-14,298.3220833333333
2015-08-15,299.26250000000005
2015-08-16,299.6633333333333
2015-08-17,297.477271925
2015-08-18,296.77250000000004
2015-08-19,295.64374999999995
2015-08-20,294.93375
2015-08-21,295.4179166666667
2015-08-22,295.00805406666666
2015-08-23,295.4354166666667
2015-08-24,295.3675
2015-08-25,296.0004166666667
2015-08-26,298.01416666666665
2015-08-27,298.66333333333324
2015-08-28,299.63541666666663
2015-08-29,299.65592620833337
2015-08-30,298.13329800416665
2015-08-31,295.36791666666664
2015-09-01,294.17216058749995
2015-09-02,294.5373794875
2015-09-03,293.78666666666663
2015-09-04,294.2325
2015-09-05,294.21125
2015-09-06,295.16041666666666
2015-09-07,298.08666666666664
2015-09-08,299.5545833333333
2015-09-09,301.62916666666666
2015-09-10,301.83750000000003
2015-09-11,300.64166666666665
2015-09-12,300.26416666666665
2015-09-13,298.43958333333336
2015-09-14,296.75038915833335
2015-09-15,296.5770833333333
2015-09-16,294.13009502916674
2015-09-17,293.7941666666667
2015-09-18,294.73291666666665
2015-09-19,296.14375
2015-09-20,299.32874999999996
2015-09-21,298.0377947125
2015-09-22,296.7835075375
2015-09-23,295.90957247916674
2015-09-24,297.1157563458334
2015-09-25,297.6819798041667
2015-09-26,297.57788015833336
2015-09-27,297.22587552499994
2015-09-28,296.7150916833334
2015-09-29,295.9978690333333
2015-09-30,295.54270518333334
2015-10-01,295.77867195416667
2015-10-02,294.7280127958333
2015-10-03,293.74882432916667
2015-10-04,293.57765356249996
2015-10-05,290.93337308749994
2015-10-06,292.0132364291667
2015-10-07,293.6488684125
2015-10-08,295.12662575416664
2015-10-09,297.847095175
2015-10-10,301.64132214166665
2015-10-11,299.71250598750004
2015-10-12,299.1296322791667
2015-10-13,299.19875
2015-10-14,296.8172971375001
2015-10-15,296.58688255
2015-10-16,295.0014488
2015-10-17,294.81297571666664
2015-10-18,295.29047532499993
2015-10-19,293.89011044166665
2015-10-20,291.8168777916667
2015-10-21,292.90227135000003
2015-10-22,293.1050389166667
2015-10-23,293.60543281666673
2015-10-24,291.37797916666665
2015-10-25,291.3961458333333
2015-10-26,289.7901458333334
2015-10-27,290.87431587083336
2015-10-28,293.85455323749994
2015-10-29,294.16463934166666
2015-10-30,293.07420135
2015-10-31,293.70963270416667
2015-11-01,293.8174847166666
2015-11-02,292.0839091374999
2015-11-03,290.42950766250004
2015-11-04,287.8607220208333
2015-11-05,288.15955330416665
2015-11-06,288.71083462499996
2015-11-07,289.70627767499997
2015-11-08,289.22951236666677
2015-11-09,288.76659570833334
2015-11-10,288.69315047083336
2015-11-11,287.2367089166666
2015-11-12,287.6030925791666
2015-11-13,287.37428136249997
2015-11-14,288.7374563375001
2015-11-15,289.0994259041667
2015-11-16,288.3156458
2015-11-17,285.21753854166667
2015-11-18,287.3904739083334
2015-11-19,289.3519676125
2015-11-20,290.4419894291667
2015-11-21,292.0973241041666
2015-11-22,294.626710575
2015-11-23,290.5694884291667
2015-11-24,288.67303287916667
2015-11-25,288.530114525
2015-11-26,286.4966540916667
2015-11-27,285.6842823458334
2015-11-28,284.8855272125
2015-11-29,285.2365865125001
2015-11-30,284.81193730000007
2015-12-01,284.9189243875
2015-12-02,286.64550545000003
2015-12-03,288.7608585
2015-12-04,286.5887243166666
2015-12-05,286.78524980000003
2015-12-06,288.7501010375
2015-12-07,288.4176205625
2015-12-08,289.03804060833335
2015-12-09,289.02389966250007
2015-12-10,287.74827746249997
2015-12-11,288.5678157041666
2015-12-12,284.66842783333334
2015-12-13,284.81361704166665
2015-12-14,287.0538890583335
2015-12-15,282.76368031249996
2015-12-16,282.8587024333333
2015-12-17,283.1306056041667
2015-12-18,284.8989732333333
2015-12-19,284.9694304916666
2015-12-20,286.3966676208333
2015-12-21,283.4548951125
2015-12-22,286.9585984958333
2015-12-23,287.96186682499996
2015-12-24,285.7950550541667
2015-12-25,285.17699221249995
2015-12-26,282.4102500375
2015-12-27,282.403630275
2015-12-28,280.8871833583333
2015-12-29,281.6767077125
2015-12-30,281.73648727499994
2015-12-31,282.88379315416665
2016-01-01,283.7536495500001
2016-01-02,283.2229715958333
2016-01-03,283.6412816833333
2016-01-04,286.44652571666666
2016-01-05,286.580524975
2016-01-06,285.68444041249995
2016-01-07,284.64293742499996
2016-01-08,283.4953227916667
2016-01-09,282.7350231666666
2016-01-10,285.4922776375001
2016-01-11,285.90310689999995
2016-01-12,284.5335748791666
2016-01-13,283.1745143250001
2016-01-14,284.45828389583335
2016-01-15,284.6545812
2016-01-16,285.8971443666666
2016-01-17,287.28653336250005
2016-01-18,287.3236253
2016-01-19,286.7236404166667
2016-01-20,288.082809375
2016-01-21,287.7819133666667
2016-01-22,286.5847946
2016-01-23,286.1788713708333
2016-01-24,286.31431893333337
2016-01-25,285.0231783291667
2016-01-26,286.876394175
2016-01-27,286.74390145416663
2016-01-28,287.0125380458333
2016-01-29,286.5998102875001
2016-01-30,286.049052325
2016-01-31,286.96153715833333
2016-02-01,284.63755465416665
2016-02-02,281.94884249166677
2016-02-03,282.99255978750006
2016-02-04,284.2012031583333
2016-02-05,287.5399942791667
2016-02-06,289.29166666666674
2016-02-07,289.72791666666666
2016-02-08,292.19624999999996
2016-02-09,293.15541666666667
2016-02-10,292.49224072916667
2016-02-11,291.8614048
2016-02-12,291.25694791666666
2016-02-13,288.43565547916666
2016-02-14,288.22229904999995
2016-02-15,292.53617845
2016-02-16,293.97885881666673
2016-02-17,290.81004800833335
2016-02-18,289.30540351666656
2016-02-19,287.04302834166657
2016-02-20,286.46188497916665
2016-02-21,287.04826849999995
2016-02-22,287.5267863916667
2016-02-23,289.5934181541667
2016-02-24,292.08097067499995
2016-02-25,290.40809844999995
2016-02-26,288.9146951416667
2016-02-27,288.98770367083335
2016-02-28,288.58384193750004
2016-02-29,288.905840525
2016-03-01,289.0154673916667
2016-03-02,288.58908503333333
2016-03-03,288.350174075
2016-03-04,288.4013173458334
2016-03-05,288.9852905041666
2016-03-06,288.57394657083336
2016-03-07,286.07428387916667
2016-03-08,283.4852273083334
2016-03-09,286.66476809166664
2016-03-10,288.26636496666674
2016-03-11,288.43670647916673
2016-03-12,286.6946620291667
2016-03-13,286.9818870125
2016-03-14,288.5204368916666
2016-03-15,288.83228255833336
2016-03-16,290.02923357083336
2016-03-17,290.54683180000006
2016-03-18,289.6756507541667
2016-03-19,289.42702257083334
2016-03-20,288.55703029999995
2016-03-21,288.96021155833336
2016-03-22,288.4847519708333
2016-03-23,287.8154229125
2016-03-24,289.5049464416666
2016-03-25,289.2891052374999
2016-03-26,289.54546187499994
2016-03-27,288.8811903125
2016-03-28,289.1499032041666
2016-03-29,287.09185940416666
2016-03-30,286.12397369583334
2016-03-31,285.9346413708333
2016-04-01,287.68827083749994
2016-04-02,288.38661270833336
2016-04-03,289.518514475
2016-04-04,289.45811898750003
2016-04-05,290.07371101666666
2016-04-06,290.6727572500001
2016-04-07,289.91815862083337
2016-04-08,289.0896569666667
2016-04-09,289.26249857500005
2016-04-10,289.37644950000004
2016-04-11,288.8817907333334
2016-04-12,289.55841764583334
2016-04-13,289.6814077791667
2016-04-14,290.0656504375
2016-04-15,289.0717035625
2016-04-16,290.9710917666667
2016-04-17,292.9455635541667
2016-04-18,294.46077142916664
2016-04-19,295.0911001
2016-04-20,293.64758320000004
2016-04-21,293.72166666666664
2016-04-22,287.832401125
2016-04-23,290.3680178583333
2016-04-24,289.7007286916667
2016-04-25,288.68342657083326
2016-04-26,287.2819608583333
2016-04-27,287.75372178750007
2016-04-28,287.5861007791667
2016-04-29,288.07791666666657
2016-04-30,288.2808333333334
2016-05-01,288.24
2016-05-02,289.3579166666667
2016-05-03,290.28583333333336
2016-05-04,290.20958333333334
2016-05-05,289.2170833333333
2016-05-06,288.46833333333336
2016-05-07,288.46624999999995
2016-05-08,288.90500000000003
2016-05-09,289.7575
2016-05-10,290.29083333333335
2016-05-11,290.9170833333334
2016-05-12,291.0833333333333
2016-05-13,290.8308333333333
2016-05-14,289.69041666666675
2016-05-15,289.87375000000003
2016-05-16,289.78855581666664
2016-05-17,289.9941666666666
2016-05-18,291.08833333333337
2016-05-19,290.90624999999994
2016-05-20,290.1983333333333
2016-05-21,289.12
2016-05-22,288.75874999999996
2016-05-23,288.83375000000007
2016-05-24,289.6357280749999
2016-05-25,289.55090467916665
2016-05-26,289.28828803749997
2016-05-27,290.51051342499994
2016-05-28,290.0863420416666
2016-05-29,289.4371269916667
2016-05-30,290.4973099375
2016-05-31,290.6972763583333
2016-06-01,290.9950198291666
2016-06-02,292.55071554583327
2016-06-03,293.78749999999997
2016-06-04,293.3620833333334
2016-06-05,292.86291666666665
2016-06-06,291.6379166666666
2016-06-07,291.36499999999995
2016-06-08,293.9345833333333
2016-06-09,294.12125
2016-06-10,293.2554166666667
2016-06-11,290.5425
2016-06-12,288.6033333333333
2016-06-13,288.78499999999997
2016-06-14,290.4945833333333
2016-06-15,290.18625
2016-06-16,290.29875000000004
2016-06-17,294.0991666666667
2016-06-18,296.41333333333336
2016-06-19,301.30958333333336
2016-06-20,304.1837499999999
2016-06-21,299.2200000000001
2016-06-22,297.59458333333333
2016-06-23,295.68125000000003
2016-06-24,294.00000000000006
2016-06-25,293.07166666666666
2016-06-26,293.81166666666667
2016-06-27,295.97208333333333
2016-06-28,296.1245833333333
2016-06-29,296.15000000000003
2016-06-30,294.6262079625
2016-07-01,293.47
2016-07-02,292.9483333333334
2016-07-03,292.7854166666667
2016-07-04,293.2425
2016-07-05,293.77208333333334
2016-07-06,293.93458333333336
2016-07-07,293.39416666666665
2016-07-08,294.07041666666674
2016-07-09,294.3354166666667
2016-07-10,294.6883333333333
2016-07-11,293.9883333333334
2016-07-12,293.09548025833334
2016-07-13,294.73434030000004
2016-07-14,294.02091666666666
2016-07-15,294.2755833333333
2016-07-16,293.12137499999994
2016-07-17,293.9074166666668
2016-07-18,296.06475000000006
2016-07-19,302.638
2016-07-20,302.76045833333336
2016-07-21,298.20183333333335
2016-07-22,298.8637499999999
2016-07-23,298.5620833333333
2016-07-24,296.74166666666673
2016-07-25,296.89625
2016-07-26,297.2416666666666
2016-07-27,297.72125
2016-07-28,297.7908333333333
2016-07-29,297.4058333333334
2016-07-30,296.17124999999993
2016-07-31,296.6404166666667
2016-08-01,296.1304166666667
2016-08-02,296.34374999999994
2016-08-03,296.9475
2016-08-04,296.23041666666666
2016-08-05,296.4558333333334
2016-08-06,296.3945833333334
2016-08-07,296.4895833333333
2016-08-08,295.9404166666667
2016-08-09,292.6425416666667
2016-08-10,295.12025
2016-08-11,295.7020833333334
2016-08-12,296.07416666666666
2016-08-13,298.34791666666666
2016-08-14,300.0754166666666
2016-08-15,301.3162499999999
2016-08-16,302.11499999999995
2016-08-17,301.8508333333333
2016-08-18,300.19791666666663
2016-08-19,297.29375
2016-08-20,295.3625
2016-08-21,294.95583333333326
2016-08-22,294.98375
2016-08-23,293.8733333333334
2016-08-24,295.0681799083334
2016-08-25,294.6341666666667
2016-08-26,292.92125
2016-08-27,293.1791666666666
2016-08-28,294.09875
2016-08-29,295.40833333333336
2016-08-30,296.30625
2016-08-31,296.1841666666666
2016-09-01,295.7900081916667
2016-09-02,293.3333333333333
2016-09-03,292.75708333333336
2016-09-04,292.13916666666665
2016-09-05,292.39375
2016-09-06,292.22083333333336
2016-09-07,293.4266666666667
2016-09-08,294.0116666666666
2016-09-09,294.3858333333333
2016-09-10,294.4795833333333
2016-09-11,294.44625
2016-09-12,292.82125
2016-09-13,291.8200608833333
2016-09-14,291.3954166666667
2016-09-15,291.66166666666663
2016-09-16,291.5762500000001
2016-09-17,292.6395833333333
2016-09-18,294.0329936083333
2016-09-19,297.71666666666664
2016-09-20,293.32763623333335
2016-09-21,292.32101382916665
2016-09-22,291.181130075
2016-09-23,287.9704166666666
2016-09-24,292.7270833333334
2016-09-25,295.86785843333337
2016-09-26,296.47759867916665
2016-09-27,295.4138552875
2016-09-28,294.48666666666674
2016-09-29,295.64375
2016-09-30,296.0004166666667
2016-10-01,294.13000000000005
2016-10-02,290.83375000000007
2016-10-03,286.215
2016-10-04,287.70125
2016-10-05,288.0862916666667
2016-10-06,287.293125
2016-10-07,290.61691666666667
2016-10-08,291.8142772208333
2016-10-09,291.50774999999993
2016-10-10,291.7834583333333
2016-10-11,289.03049999999996
2016-10-12,287.93958333333325
2016-10-13,287.2582916666667
2016-10-14,287.7087147041666
2016-10-15,287.0275623166666
2016-10-16,289.2250031333333
2016-10-17,289.60262499999993
2016-10-18,288.53933333333333
2016-10-19,288.5281736208333
2016-10-20,291.60095997083323
2016-10-21,291.6994408166666
2016-10-22,290.9116666666667
2016-10-23,292.627375
2016-10-24,290.9628749999999
2016-10-25,289.53974999999997
2016-10-26,288.67420833333335
2016-10-27,290.34183333333334
2016-10-28,291.84241666666657
2016-10-29,291.7830833333333
2016-10-30,289.86275
2016-10-31,288.3889166666667
2016-11-01,286.88416666666666
2016-11-02,289.3658333333333
2016-11-03,291.22625
2016-11-04,291.81791666666663
2016-11-05,291.30333333333334
2016-11-06,290.37458333333325
2016-11-07,290.2616666666667
2016-11-08,291.97999999999996
2016-11-09,296.75208333333336
2016-11-10,298.2325000000001
2016-11-11,295.42791666666665
2016-11-12,292.7725
2016-11-13,294.23875000000004
2016-11-14,294.05749999999995
2016-11-15,290.9858333333334
2016-11-16,290.5441666666666
2016-11-17,289.51208333333335
2016-11-18,290.40708333333333
2016-11-19,288.09416666666664
2016-11-20,289.8233333333333
2016-11-21,289.2020833333334
2016-11-22,287.93625
2016-11-23,287.5425000000001
2016-11-24,288.207881925
2016-11-25,288.6616666666667
2016-11-26,285.38083333333327
2016-11-27,285.86833333333334
2016-11-28,286.6408333333334
2016-11-29,286.54833333333335
2016-11-30,286.3067882458334
2016-12-01,285.5625
2016-12-02,286.6282494583333
2016-12-03,286.67124999999993
2016-12-04,285.6366941791667
2016-12-05,285.96625202499996
2016-12-06,287.6619761458334
2016-12-07,286.4167450791667
2016-12-08,285.5466666666667
2016-12-09,286.3204166666667
2016-12-10,288.1804166666666
2016-12-11,289.20124999999996
2016-12-12,289.39708333333334
2016-12-13,288.35083333333336
2016-12-14,287.39750000000004
2016-12-15,287.4329166666666
2016-12-16,288.0382704916667
2016-12-17,285.0685813166667
2016-12-18,282.0817629458334
2016-12-19,285.99316434583335
2016-12-20,288.90791666666667
2016-12-21,290.96374999999995
2016-12-22,288.8820833333333
2016-12-23,288.1429166666666
2016-12-24,286.46666666666664
2016-12-25,283.3470833333334
2016-12-26,282.7070833333333
2016-12-27,285.1508333333333
2016-12-28,286.36041666666665
2016-12-29,289.25291666666664
2016-12-30,287.9283333333334
2016-12-31,286.7841666666667
2017-01-01,283.9895833333333
2017-01-02,285.25833333333327
2017-01-03,285.0420833333333
2017-01-04,285.00750000000005
2017-01-05,286.5670833333333
2017-01-06,287.00083333333333
2017-01-07,286.61375000000004
2017-01-08,289.39166666666665
2017-01-09,288.71583333333336
2017-01-10,287.1308333333333
2017-01-11,286.66833333333335
2017-01-12,286.5108333333333
2017-01-13,285.8458333333333
2017-01-14,285.6891666666667
2017-01-15,285.85
2017-01-16,285.91124999999994
2017-01-17,285.2245833333333
2017-01-18,285.11625
2017-01-19,287.0779166666666
2017-01-20,285.68583333333333
2017-01-21,286.14125000000007
2017-01-22,284.81333333333333
2017-01-23,286.385
2017-01-24,282.1907083333334
2017-01-25,279.4421666666667
2017-01-26,282.84083333333325
2017-01-27,284.4483333333333
2017-01-28,285.61125
2017-01-29,286.5266666666666
2017-01-30,289.2770833333333
2017-01-31,288.28916666666663
2017-02-01,284.9783333333333
2017-02-02,285.41416666666663
2017-02-03,286.8304166666666
2017-02-04,288.4062500000001
2017-02-05,286.6008333333334
2017-02-06,286.6175
2017-02-07,288.69625
2017-02-08,289.2770833333334
2017-02-09,289.37583333333333
2017-02-10,288.39416666666665
2017-02-11,288.34375
2017-02-12,286.20000000000005
2017-02-13,287.5940168000001
2017-02-14,285.7161285708334
2017-02-15,285.35358333333335
2017-02-16,285.5525833333333
2017-02-17,284.1331666666667
2017-02-18,283.8140833333334
2017-02-19,283.76495833333325
2017-02-20,283.49233333333336
2017-02-21,285.6083183291667
2017-02-22,287.88208333333324
2017-02-23,285.055
2017-02-24,283.3841666666667
2017-02-25,283.2537499999999
2017-02-26,285.33625
2017-02-27,285.31
2017-02-28,285.81083333333333
2017-03-01,285.7620833333334
2017-03-02,288.205
2017-03-03,288.9004166666667
2017-03-04,286.88625
2017-03-05,286.80249999999995
2017-03-06,284.33583333333326
2017-03-07,285.3229166666667
2017-03-08,288.60999999999996
2017-03-09,289.9958333333332
2017-03-10,290.4470833333333
2017-03-11,289.71083333333337
2017-03-12,288.31916666666666
2017-03-13,288.5866838833333
2017-03-14,290.59083333333325
2017-03-15,291.6004231
2017-03-16,289.91833333333335
2017-03-17,289.17791666666665
2017-03-18,288.69250000000005
2017-03-19,288.98833333333334
2017-03-20,288.6570833333333
2017-03-21,288.5353261083334
2017-03-22,289.83875
2017-03-23,288.28749999999997
2017-03-24,286.38124999999997
2017-03-25,288.035
2017-03-26,288.7904166666667
2017-03-27,288.4925
2017-03-28,288.09625
2017-03-29,289.75916666666666
2017-03-30,289.2729166666667
2017-03-31,288.3975
2017-04-01,287.085
2017-04-02,289.4004166666667
2017-04-03,289.15374999999995
2017-04-04,289.18125000000003
2017-04-05,290.5520833333333
2017-04-06,290.26807729166666
2017-04-07,289.7774573041666
2017-04-08,288.7616666666666
2017-04-09,287.33875
2017-04-10,288.33375
2017-04-11,288.6808333333333
2017-04-12,288.8120833333333
2017-04-13,289.67724802083325
2017-04-14,288.4445833333333
2017-04-15,288.48291666666665
2017-04-16,289.6395833333333
2017-04-17,289.53125
2017-04-18,291.3179166666667
2017-04-19,291.26499999999993
2017-04-20,289.69749999999993
2017-04-21,291.3408333333333
2017-04-22,293.0333333333333
2017-04-23,291.5445833333333
2017-04-24,290.60833333333323
2017-04-25,290.57083333333327
2017-04-26,289.9866666666666
2017-04-27,290.7891666666667
2017-04-28,290.9154166666666
2017-04-29,293.1074999999999
2017-04-30,293.4129166666666
2017-05-01,292.1558333333333
2017-05-02,291.16125
2017-05-03,292.2558333333333
2017-05-04,292.80749999999995
2017-05-05,290.5587499999999
2017-05-06,289.5299999999999
2017-05-07,285.64708333333334
2017-05-08,286.36375000000004
2017-05-09,289.35041666666666
2017-05-10,289.78999999999996
2017-05-11,290.8508333333333
2017-05-12,289.85375
2017-05-13,290.12625
2017-05-14,288.9508333333334
2017-05-15,288.4408333333334
2017-05-16,288.2275
2017-05-17,288.85041666666666
2017-05-18,289.5504166666666
2017-05-19,291.89000000000004
2017-05-20,295.20374999999996
2017-05-21,293.86875000000003
2017-05-22,292.3712500000001
2017-05-23,291.565
2017-05-24,291.165
2017-05-25,290.0374999999999
2017-05-26,291.1766666666667
2017-05-27,290.97291666666666
2017-05-28,289.7879166666666
2017-05-29,290.29374999999993
2017-05-30,289.99999999999994
2017-05-31,290.23583333333335
2017-06-01,290.4704166666666
2017-06-02,291.93541666666675
2017-06-03,291.72583333333336
2017-06-04,290.93458333333336
2017-06-05,290.5933333333334
2017-06-06,290.7620833333334
2017-06-07,290.61041666666665
2017-06-08,291.085
2017-06-09,291.90333333333336
2017-06-10,291.53291666666667
2017-06-11,290.01
2017-06-12,290.00208333333325
2017-06-13,290.64875
2017-06-14,291.97416666666663
2017-06-15,292.76499999999993
2017-06-16,294.0570833333333
2017-06-17,294.42249999999996
2017-06-18,293.4175
2017-06-19,293.7591666666667
2017-06-20,294.07958333333335
2017-06-21,293.8299372666667
2017-06-22,291.98208333333326
2017-06-23,292.7191666666667
2017-06-24,292.6262500000001
2017-06-25,293.20624999999995
2017-06-26,295.2020833333333
2017-06-27,296.2316666666666
2017-06-28,292.94416666666666
2017-06-29,291.9579166666667
2017-06-30,292.3666666666666
2017-07-01,292.56000000000006
2017-07-02,292.7129302916666
2017-07-03,293.14750000000004
2017-07-04,294.6745833333334
2017-07-05,294.365
2017-07-06,294.6254166666667
2017-07-07,296.0570833333333
2017-07-08,297.31375
2017-07-09,296.1695833333334
2017-07-10,297.1208134541667
2017-07-11,296.1104166666666
2017-07-12,296.0729166666666
2017-07-13,296.05791666666664
2017-07-14,295.4491666666666
2017-07-15,295.2154166666667
2017-07-16,294.8975
2017-07-17,295.4579166666667
2017-07-18,295.9045833333333
2017-07-19,296.8658333333333
2017-07-20,296.08874999999995
2017-07-21,295.4791666666667
2017-07-22,295.25999999999993
2017-07-23,295.51624999999996
2017-07-24,295.2033333333333
2017-07-25,295.07458333333335
2017-07-26,295.6850000000001
2017-07-27,296.0829166666667
2017-07-28,295.53208333333333
2017-07-29,294.77583333333337
2017-07-30,294.86499999999995
2017-07-31,295.23
2017-08-01,295.9408333333334
2017-08-02,297.55083333333334
2017-08-03,298.4554166666667
2017-08-04,297.01625000000007
2017-08-05,296.0345833333333
2017-08-06,295.3358333333333
2017-08-07,295.92458333333326
2017-08-08,295.9600000000001
2017-08-09,295.28791666666666
2017-08-10,294.8258333333334
2017-08-11,294.87166666666667
2017-08-12,294.63875
2017-08-13,293.92375000000004
2017-08-14,293.8579166666666
2017-08-15,292.6395833333334
2017-08-16,291.9044166666667
2017-08-17,293.2158333333333
2017-08-18,294.17875000000004
2017-08-19,293.98125
2017-08-20,293.9762500000001
2017-08-21,294.4629166666667
2017-08-22,294.3533333333334
2017-08-23,293.77666666666664
2017-08-24,292.7545833333333
2017-08-25,293.36958333333337
2017-08-26,294.0129166666666
2017-08-27,294.93
2017-08-28,296.19541666666663
2017-08-29,296.7029166666667
2017-08-30,298.21791666666667
2017-08-31,298.65666666666675
2017-09-01,299.73708333333326
2017-09-02,300.4508333333333
2017-09-03,302.57666666666665
2017-09-04,296.19249999999994
2017-09-05,295.85833333333335
2017-09-06,296.83875
2017-09-07,295.8454166666667
2017-09-08,295.8683333333334
2017-09-09,295.5045833333333
2017-09-10,295.9966666666667
2017-09-11,297.35333333333335
2017-09-12,296.6033333333333
2017-09-13,295.13958333333335
2017-09-14,293.7887500000001
2017-09-15,294.1270833333333
2017-09-16,293.5487499999999
2017-09-17,293.7720833333333
2017-09-18,294.16333333333336
2017-09-19,293.92916666666673
2017-09-20,294.2745833333333
2017-09-21,293.45735545833327
2017-09-22,291.12499999999994
2017-09-23,290.8683333333333
2017-09-24,291.4983333333334
2017-09-25,293.3791666666667
2017-09-26,293.0225
2017-09-27,293.0
2017-09-28,293.7524536708334
2017-09-29,293.87624999999997
2017-09-30,293.56458333333336
2017-10-01,292.79833333333335
2017-10-02,293.44583333333327
2017-10-03,292.6141666666666
2017-10-04,292.0379166666666
2017-10-05,292.065
2017-10-06,292.92333333333335
2017-10-07,295.21166666666664
2017-10-08,293.03624999999994
2017-10-09,293.2325000000001
2017-10-10,291.8220833333333
2017-10-11,291.94125
2017-10-12,292.7779166666666
2017-10-13,291.95875
2017-10-14,291.6057083333333
2017-10-15,294.6704166666666
2017-10-16,296.48125
2017-10-17,296.61791666666664
2017-10-18,294.7225
2017-10-19,293.5475
2017-10-20,292.5370833333334
2017-10-21,290.9879166666667
2017-10-22,293.72791666666666
2017-10-23,297.0008333333334
2017-10-24,300.12125
2017-10-25,301.49708333333336
2017-10-26,296.54
2017-10-27,293.3554166666667
2017-10-28,292.50000000000006
2017-10-29,291.97833333333335
2017-10-30,291.1620833333333
2017-10-31,290.69041666666675
2017-11-01,290.8166666666668
2017-11-02,291.0720833333334
2017-11-03,289.44125
2017-11-04,289.50333333333333
2017-11-05,289.67375
2017-11-06,289.75000000000006
2017-11-07,290.8391666666667
2017-11-08,289.95310380416674
2017-11-09,290.30398486666667
2017-11-10,289.14958333333334
2017-11-11,287.91967625833337
2017-11-12,287.8466666666666
2017-11-13,289.19916666666666
2017-11-14,289.0529166666667
2017-11-15,290.2040303083333
2017-11-16,291.64833333333326
2017-11-17,292.1183333333334
2017-11-18,289.75708333333336
2017-11-19,288.6700000000001
2017-11-20,288.07
2017-11-21,290.82916666666665
2017-11-22,294.26250000000005
2017-11-23,296.2183333333334
2017-11-24,293.8541666666667
2017-11-25,290.83875000000006
2017-11-26,287.61791666666664
2017-11-27,289.02625000000006
2017-11-28,285.76050000000004
2017-11-29,288.2791666666666
2017-11-30,291.4
