datetime,Seattle
2012-10-01,281.7672622818182
2012-10-02,285.15688845000005
2012-10-03,287.67395833333336
2012-10-04,284.39166666666665
2012-10-05,284.75624999999997
2012-10-06,285.6745833333333
2012-10-07,286.1833333333334
2012-10-08,287.14416666666665
2012-10-09,286.70770833333336
2012-10-10,285.96124999999995
2012-10-11,287.5562500000001
2012-10-12,283.6525
2012-10-13,285.1716666666667
2012-10-14,286.05
2012-10-15,287.96999999999997
2012-10-16,286.85749999999996
2012-10-17,286.45916666666665
2012-10-18,282.66083333333336
2012-10-19,284.12416666666667
2012-10-20,286.0633333333332
2012-10-21,280.95395833333333
2012-10-22,279.9504166666666
2012-10-23,278.25708333333336
2012-10-24,279.72458333333327
2012-10-25,280.59020833333335
2012-10-26,280.59
2012-10-27,280.8279166666666
2012-10-28,282.78333333333325
2012-10-29,285.3533333333333
2012-10-30,285.9800000000001
2012-10-31,285.8474999999999
2012-11-01,286.4241666666666
2012-11-02,285.1425
2012-11-03,285.2716666666667
2012-11-04,285.16437499999995
2012-11-05,286.2704166666667
2012-11-06,286.3695833333333
2012-11-07,282.55791666666664
2012-11-08,282.81541666666675
2012-11-09,278.7054166666667
2012-11-10,277.5375
2012-11-11,275.5058333333334
2012-11-12,276.4258333333334
2012-11-13,280.02833333333336
2012-11-14,282.35374999999993
2012-11-15,281.9933333333333
2012-11-16,279.64250000000004
2012-11-17,279.23375
2012-11-18,281.9760416666667
2012-11-19,279.8325
2012-11-20,282.45416666666665
2012-11-21,282.05458333333337
2012-11-22,280.12791666666664
2012-11-23,278.3183333333333
2012-11-24,280.3629166666667
2012-11-25,281.16833333333335
2012-11-26,278.200625
2012-11-27,277.11333333333334
2012-11-28,277.5054166666667
2012-11-29,278.62125000000003
2012-11-30,281.1941666666667
2012-12-01,282.79416666666674
2012-12-02,282.28854166666673
2012-12-03,281.2079166666666
2012-12-04,280.82750000000004
2012-12-05,282.0652083333333
2012-12-06,279.93833333333333
2012-12-07,279.1933333333333
2012-12-08,279.18791666666664
2012-12-09,277.94458333333336
2012-12-10,276.94208333333336
2012-12-11,278.8675
2012-12-12,279.19
2012-12-13,278.77458333333334
2012-12-14,278.13875
2012-12-15,277.7066666666667
2012-12-16,275.4477083333333
2012-12-17,276.4754166666666
2012-12-18,278.5891666666667
2012-12-19,275.40125000000006
2012-12-20,275.86812499999996
2012-12-21,278.02583333333337
2012-12-22,275.8391666666666
2012-12-23,277.8279166666667
2012-12-24,278.6175
2012-12-25,277.41833333333335
2012-12-26,276.585
2012-12-27,277.48333333333335
2012-12-28,278.49208333333337
2012-12-29,277.83666666666664
2012-12-30,277.1567708333333
2012-12-31,275.6439583333333
2013-01-01,274.25624999999997
2013-01-02,274.1816666666667
2013-01-03,274.1417708333334
2013-01-04,274.9075
2013-01-05,277.8597395833333
2013-01-06,278.8495833333333
2013-01-07,278.28541666666666
2013-01-08,279.78243750000007
2013-01-09,280.20166666666665
2013-01-10,277.83456458333336
2013-01-11,275.8185416666667
2013-01-12,273.8022708333333
2013-01-13,271.74881249999993
2013-01-14,271.44181249999997
2013-01-15,272.660625
2013-01-16,274.8452083333333
2013-01-17,274.02333333333337
2013-01-18,273.6133333333334
2013-01-19,273.55291666666665
2013-01-20,275.41458333333327
2013-01-21,274.42187499999994
2013-01-22,273.27520833333335
2013-01-23,273.0802083333334
2013-01-24,277.0441666666666
2013-01-25,277.91249999999997
2013-01-26,278.85220833333335
2013-01-27,277.60976388750004
2013-01-28,277.7587847208334
2013-01-29,277.8643819458333
2013-01-30,279.41984375
2013-01-31,280.72625
2013-02-01,281.29125
2013-02-02,280.0339583333334
2013-02-03,278.46875
2013-02-04,278.06
2013-02-05,280.28229166666665
2013-02-06,280.916875
2013-02-07,280.2139583333333
2013-02-08,279.86229166666664
2013-02-09,277.5393749999999
2013-02-10,278.34250000000003
2013-02-11,277.95687499999997
2013-02-12,278.69763194583334
2013-02-13,280.2264583333334
2013-02-14,280.9533333333333
2013-02-15,280.2008333333333
2013-02-16,280.44583333333327
2013-02-17,280.25562500000007
2013-02-18,278.39833333333337
2013-02-19,278.04333333333335
2013-02-20,278.44791666666663
2013-02-21,277.0809791666666
2013-02-22,277.58166666666665
2013-02-23,278.7504166666666
2013-02-24,278.1254166666667
2013-02-25,278.934875
2013-02-26,279.6845
2013-02-27,278.33512500000006
2013-02-28,279.3436208333333
2013-03-01,279.87416666666667
2013-03-02,284.0183333333334
2013-03-03,284.2295833333333
2013-03-04,278.4008333333333
2013-03-05,277.4027083333334
2013-03-06,279.6917125
2013-03-07,278.9122291666667
2013-03-08,278.7934791666667
2013-03-09,278.2849375
2013-03-10,278.0827569416666
2013-03-11,278.7681666666667
2013-03-12,280.1417430541666
2013-03-13,282.90022916666675
2013-03-14,283.2656527791667
2013-03-15,283.16627777916665
2013-03-16,283.11706250000003
2013-03-17,281.9813125
2013-03-18,278.2621111083333
2013-03-19,278.52125
2013-03-20,278.69749999999993
2013-03-21,280.73749999999995
2013-03-22,277.84083333333325
2013-03-23,275.99625
2013-03-24,276.41041666666666
2013-03-25,277.51291666666674
2013-03-26,280.93541666666664
2013-03-27,283.2960208333332
2013-03-28,282.99625
2013-03-29,282.6741666666666
2013-03-30,283.83958333333334
2013-03-31,283.95958333333334
2013-04-01,285.2760972208334
2013-04-02,284.96545833333334
2013-04-03,284.25750000000005
2013-04-04,283.9316666666667
2013-04-05,284.363125
2013-04-06,284.5405416666666
2013-04-07,282.2675
2013-04-08,279.4866666666666
2013-04-09,280.1345833333333
2013-04-10,281.6191666666667
2013-04-11,283.9941666666666
2013-04-12,281.65124999999995
2013-04-13,279.77916666666664
2013-04-14,278.27958333333333
2013-04-15,279.27916666666664
2013-04-16,279.9108333333333
2013-04-17,280.29833333333335
2013-04-18,281.68541666666664
2013-04-19,281.63270833333337
2013-04-20,282.83958333333334
2013-04-21,282.5775625
2013-04-22,281.4420833333334
2013-04-23,281.0316666666667
2013-04-24,282.1958333333333
2013-04-25,284.29333333333335
2013-04-26,286.3014583333333
2013-04-27,286.40333333333336
2013-04-28,286.1225
2013-04-29,283.87125
2013-04-30,282.74500000000006
2013-05-01,280.74625000000003
2013-05-02,282.1400000000001
2013-05-03,285.90541666666667
2013-05-04,286.6204166666667
2013-05-05,289.33875
2013-05-06,292.0208333333334
2013-05-07,293.4841666666667
2013-05-08,289.96333333333337
2013-05-09,287.11125
2013-05-10,286.64541666666656
2013-05-11,289.0029166666667
2013-05-12,291.15666666666664
2013-05-13,291.3704166666667
2013-05-14,288.1433333333334
2013-05-15,284.4941666666666
2013-05-16,285.67125000000004
2013-05-17,286.66597916666666
2013-05-18,287.40291666666667
2013-05-19,286.1083333333333
2013-05-20,286.3464583333334
2013-05-21,286.1433333333333
2013-05-22,284.50708333333336
2013-05-23,281.9766666666667
2013-05-24,282.34
2013-05-25,283.53625000000005
2013-05-26,285.6779166666667
2013-05-27,285.75541666666675
2013-05-28,286.044375
2013-05-29,285.9597916666666
2013-05-30,285.36999999999995
2013-05-31,284.94916666666666
2013-06-01,285.90875
2013-06-02,287.8016666666667
2013-06-03,288.3954166666667
2013-06-04,287.92916666666673
2013-06-05,289.92666666666673
2013-06-06,291.3904166666667
2013-06-07,290.90875
2013-06-08,289.9420833333333
2013-06-09,288.0016666666667
2013-06-10,287.61791666666664
2013-06-11,286.85729166666664
2013-06-12,287.4554166666667
2013-06-13,287.2652083333333
2013-06-14,287.45520833333336
2013-06-15,287.5366666666667
2013-06-16,288.5583333333334
2013-06-17,290.91666666666663
2013-06-18,290.4041666666667
2013-06-19,290.348625
2013-06-20,288.25016666666664
2013-06-21,287.4872291666666
2013-06-22,287.42162291666665
2013-06-23,289.99011458333337
2013-06-24,291.53781250000003
2013-06-25,289.7125
2013-06-26,289.4466666666668
2013-06-27,289.0425
2013-06-28,290.29375
2013-06-29,293.5725
2013-06-30,295.71374999999995
2013-07-01,296.4704166666665
2013-07-02,296.9958333333332
2013-07-03,292.9781249999999
2013-07-04,292.64041666666657
2013-07-05,289.72133333333335
2013-07-06,290.19537499999996
2013-07-07,291.36541666666665
2013-07-08,291.1791666666666
2013-07-09,291.0033333333334
2013-07-10,293.70291666666674
2013-07-11,291.240625
2013-07-12,289.0119583333333
2013-07-13,288.0720833333334
2013-07-14,288.4775
2013-07-15,291.73654166666665
2013-07-16,292.01854166666664
2013-07-17,294.98625
2013-07-18,293.16999999999996
2013-07-19,290.802625
2013-07-20,291.59833333333336
2013-07-21,290.49097916666665
2013-07-22,290.2483333333333
2013-07-23,290.8903194458333
2013-07-24,292.65999999999997
2013-07-25,294.26708333333335
2013-07-26,293.39416666666665
2013-07-27,293.7375
2013-07-28,291.36875
2013-07-29,289.5627083333334
2013-07-30,289.45775
2013-07-31,290.76416666666665
2013-08-01,289.9420833333334
2013-08-02,289.6244166666666
2013-08-03,288.6285416666667
2013-08-04,289.57125
2013-08-05,291.7164583333333
2013-08-06,294.05250000000007
2013-08-07,293.8033125
2013-08-08,294.09012499999994
2013-08-09,293.04358333333323
2013-08-10,292.59541666666667
2013-08-11,292.7447916666667
2013-08-12,290.90375
2013-08-13,291.4895833333333
2013-08-14,291.84528125
2013-08-15,292.14380902916656
2013-08-16,290.7598333333333
2013-08-17,292.2012499999999
2013-08-18,292.59600000000006
2013-08-19,292.38922916666667
2013-08-20,291.8079166666666
2013-08-21,291.67604166666666
2013-08-22,291.41666666666674
2013-08-23,293.0243541666667
2013-08-24,292.69304166666666
2013-08-25,291.32593055416663
2013-08-26,290.06689583333326
2013-08-27,291.38843749999995
2013-08-28,291.8113125
2013-08-29,293.1711979166667
2013-08-30,292.6374375
2013-08-31,291.36457291666665
2013-09-01,292.1535416666667
2013-09-02,293.3142291666666
2013-09-03,291.14278750000005
2013-09-04,289.90919791666664
2013-09-05,290.5889097208334
2013-09-06,290.1770465291666
2013-09-07,289.86990833333334
2013-09-08,291.0603854166667
2013-09-09,290.8652083333333
2013-09-10,290.6974722208334
2013-09-11,294.1865555541666
2013-09-12,292.87278055416675
2013-09-13,290.60665624999984
2013-09-14,290.21343749999994
2013-09-15,288.08
2013-09-16,289.0367291666666
2013-09-17,287.09258333333327
2013-09-18,286.7781944458332
2013-09-19,287.1082222208333
2013-09-20,287.22765972083323
2013-09-21,287.06378333333333
2013-09-22,286.7368479166667
2013-09-23,286.19017152916666
2013-09-24,285.04975000416664
2013-09-25,284.17256249999997
2013-09-26,283.2242916666667
2013-09-27,284.59604166666674
2013-09-28,285.9545
2013-09-29,284.2719374999999
2013-09-30,283.7020104166666
2013-10-01,283.11030277916666
2013-10-02,283.2035583333333
2013-10-03,283.00938541666665
2013-10-04,282.7739583333333
2013-10-05,284.4319583333332
2013-10-06,284.78439583333324
2013-10-07,285.57906249999996
2013-10-08,283.03522013749995
2013-10-09,279.7616249999999
2013-10-10,281.7416666666666
2013-10-11,283.6064583333334
2013-10-12,283.0552708333333
2013-10-13,281.5210993041667
2013-10-14,280.88589375000004
2013-10-15,281.5068125
2013-10-16,282.30321180416666
2013-10-17,282.58363888750006
2013-10-18,281.43541666666664
2013-10-19,280.9162013875
2013-10-20,281.1156388874999
2013-10-21,281.0437708333332
2013-10-22,282.25214583333326
2013-10-23,282.3074791666666
2013-10-24,280.5528395833333
2013-10-25,281.7022013875
2013-10-26,282.5484916666666
2013-10-27,280.85624305416667
2013-10-28,280.6915625
2013-10-29,279.25906249999997
2013-10-30,279.38395833333334
2013-10-31,282.65431249999995
2013-11-01,283.22314583333326
2013-11-02,282.5658125
2013-11-03,280.25354166666665
2013-11-04,278.1971875
2013-11-05,279.4706666666666
2013-11-06,280.59652777916665
2013-11-07,282.2079166666667
2013-11-08,282.4022916666666
2013-11-09,280.674375
2013-11-10,280.93125
2013-11-11,281.6766666666667
2013-11-12,282.89208333333323
2013-11-13,284.06083333333333
2013-11-14,282.13645833333334
2013-11-15,279.6758333333334
2013-11-16,279.191875
2013-11-17,280.47881249999995
2013-11-18,281.61333333333334
2013-11-19,281.5225
2013-11-20,276.37920833333317
2013-11-21,276.8113333333332
2013-11-22,275.60833333333323
2013-11-23,276.8374999999999
2013-11-24,276.4758333333333
2013-11-25,275.4115
2013-11-26,276.7166666666667
2013-11-27,281.5441666666666
2013-11-28,277.86187499999994
2013-11-29,278.20627083333335
2013-11-30,280.59375000000006
2013-12-01,282.76666666666665
2013-12-02,278.9754166666666
2013-12-03,274.99666666666667
2013-12-04,272.1516666666667
2013-12-05,269.61083333333335
2013-12-06,270.8022916666667
2013-12-07,268.8772916666667
2013-12-08,267.73812499999997
2013-12-09,268.40283333333326
2013-12-10,273.06083333333333
2013-12-11,273.4489583333334
2013-12-12,274.1486874999999
2013-12-13,278.57666666666654
2013-12-14,280.2041666666666
2013-12-15,280.98166666666657
2013-12-16,280.3773958333334
2013-12-17,277.300625
2013-12-18,278.60145833333337
2013-12-19,277.21735416666667
2013-12-20,273.5827083333334
2013-12-21,277.44416666666666
2013-12-22,279.89125
2013-12-23,282.0968749999999
2013-12-24,278.440625
2013-12-25,275.00916666666666
2013-12-26,275.41374999999994
2013-12-27,275.82249999999993
2013-12-28,279.0431875
2013-12-29,276.76666666666665
2013-12-30,277.24000000000007
2013-12-31,279.17379166666666
2014-01-01,277.59833333333336
2014-01-02,279.85302083333335
2014-01-03,278.893125
2014-01-04,275.9283304416667
2014-01-05,274.00624999999997
2014-01-06,274.92250000000007
2014-01-07,277.93208333333337
2014-01-08,280.3505208333333
2014-01-09,279.5320833333333
2014-01-10,280.64687499999997
2014-01-11,281.35075000000006
2014-01-12,279.2672916666667
2014-01-13,282.5104166666667
2014-01-14,281.79999999999995
2014-01-15,280.15270775416667
2014-01-16,278.19
2014-01-17,284.66467522083343
2014-01-18,287.3050799791668
2014-01-19,281.19458333333336
2014-01-20,277.1837500000001
2014-01-21,276.2858333333334
2014-01-22,279.45041666666674
2014-01-23,278.620625
2014-01-24,277.2166496
2014-01-25,277.25374999999997
2014-01-26,276.55333333333334
2014-01-27,275.53291666666667
2014-01-28,278.77500000000003
2014-01-29,280.5841666666666
2014-01-30,279.26416666666665
2014-01-31,278.0779166666667
2014-02-01,276.9854166666667
2014-02-02,275.36791666666664
2014-02-03,275.14458333333334
2014-02-04,272.3116666666667
2014-02-05,270.0266666666667
2014-02-06,267.65124999999995
2014-02-07,270.0491666666667
2014-02-08,272.715
2014-02-09,273.2970833333333
2014-02-10,276.14625
2014-02-11,280.54333333333324
2014-02-12,281.74125
2014-02-13,281.7575
2014-02-14,281.29583333333335
2014-02-15,278.86375000000004
2014-02-16,278.70374999999996
2014-02-17,279.0054166666667
2014-02-18,279.23999999999995
2014-02-19,277.9083333333333
2014-02-20,279.49541666666664
2014-02-21,278.43541666666664
2014-02-22,276.6908333333333
2014-02-23,278.06041666666664
2014-02-24,276.7416666666666
2014-02-25,278.37208333333325
2014-02-26,280.4595833333333
2014-02-27,281.04166666666663
2014-02-28,281.7133333333333
2014-03-01,279.49666666666667
2014-03-02,277.8
2014-03-03,282.1258333333334
2014-03-04,282.887125
2014-03-05,284.57987499999996
2014-03-06,284.7362499999999
2014-03-07,283.2766666666667
2014-03-08,281.8220833333333
2014-03-09,284.4516666666667
2014-03-10,282.3175
2014-03-11,280.3183333333333
2014-03-12,281.2529166666667
2014-03-13,281.81541666666664
2014-03-14,284.01541666666657
2014-03-15,282.29541666666665
2014-03-16,282.7170833333334
2014-03-17,278.6241666666667
2014-03-18,278.71875
2014-03-19,280.8633333333333
2014-03-20,277.4575
2014-03-21,278.16041666666666
2014-03-22,277.90083333333337
2014-03-23,280.38
2014-03-24,281.64625000000007
2014-03-25,285.10333333333335
2014-03-26,281.0804166666667
2014-03-27,280.99708333333336
2014-03-28,281.38416666666666
2014-03-29,281.52375
2014-03-30,280.9441666666666
2014-03-31,280.0858333333333
2014-04-01,282.7329166666667
2014-04-02,282.284375
2014-04-03,282.2929166666667
2014-04-04,281.69000000000005
2014-04-05,281.97208333333333
2014-04-06,282.69
2014-04-07,286.2679166666666
2014-04-08,286.78791666666666
2014-04-09,282.13208333333336
2014-04-10,282.21875000000006
2014-04-11,282.6045833333333
2014-04-12,283.36333333333334
2014-04-13,284.2979166666667
2014-04-14,285.7387499999999
2014-04-15,284.06666666666666
2014-04-16,283.17583333333334
2014-04-17,283.2970833333333
2014-04-18,281.5754166666666
2014-04-19,281.41041666666666
2014-04-20,282.9143680541667
2014-04-21,284.19916666666666
2014-04-22,281.71750000000003
2014-04-23,281.19374999999997
2014-04-24,283.21625000000006
2014-04-25,281.97583333333336
2014-04-26,282.3420833333333
2014-04-27,281.87916666666666
2014-04-28,281.8966666666667
2014-04-29,285.92221327083337
2014-04-30,290.3099375
2014-05-01,292.1166666666667
2014-05-02,292.7029791666667
2014-05-03,286.11370833333336
2014-05-04,283.87432291666664
2014-05-05,284.015
2014-05-06,284.78948176250003
2014-05-07,284.8164166666666
2014-05-08,285.0641666666666
2014-05-09,283.9304166666667
2014-05-10,282.8149583333333
2014-05-11,284.4016666666667
2014-05-12,287.9345
2014-05-13,291.1479166666667
2014-05-14,292.1091666666667
2014-05-15,293.13849999999996
2014-05-16,290.2939583333333
2014-05-17,287.94958333333335
2014-05-18,287.24583333333334
2014-05-19,286.9320833333333
2014-05-20,287.81666666666666
2014-05-21,287.20951540000004
2014-05-22,289.78916666666674
2014-05-23,289.95250000000004
2014-05-24,288.16666666666663
2014-05-25,286.59958333333327
2014-05-26,286.24999999999994
2014-05-27,286.31458333333325
2014-05-28,286.50875
2014-05-29,286.33124999999995
2014-05-30,286.1520833333334
2014-05-31,288.4925
2014-06-01,288.4366666666667
2014-06-02,289.2979166666666
2014-06-03,288.2241138333332
2014-06-04,287.6236337666666
2014-06-05,287.52416666666664
2014-06-06,289.1133333333333
2014-06-07,289.7945833333333
2014-06-08,289.46750000000003
2014-06-09,289.53877128333335
2014-06-10,287.9642161833333
2014-06-11,289.06317846666667
2014-06-12,289.70631087916667
2014-06-13,286.6141357958333
2014-06-14,286.155870275
2014-06-15,286.12358620000003
2014-06-16,284.88844725
2014-06-17,286.55953117916664
2014-06-18,287.2235181916667
2014-06-19,288.0858135875
2014-06-20,288.5840895833333
2014-06-21,287.87386380000004
2014-06-22,288.47119189166665
2014-06-23,291.10129411249994
2014-06-24,290.9160734583333
2014-06-25,291.45249745
2014-06-26,291.8302758583333
2014-06-27,289.3888146333333
2014-06-28,289.4136409083333
2014-06-29,289.19954069166664
2014-06-30,289.33052169166666
2014-07-01,294.47444700416656
2014-07-02,295.4394895291667
2014-07-03,291.0163520958334
2014-07-04,290.26213633750007
2014-07-05,290.60544902500004
2014-07-06,293.31708333333336
2014-07-07,293.93874999999997
2014-07-08,294.4619301583333
2014-07-09,293.45875
2014-07-10,293.18833333333333
2014-07-11,294.89404576249996
2014-07-12,296.64833333333326
2014-07-13,296.0375
2014-07-14,294.46660091666666
2014-07-15,294.29750000000007
2014-07-16,295.18916666666667
2014-07-17,292.85875
2014-07-18,291.06
2014-07-19,292.4129166666666
2014-07-20,289.44541666666674
2014-07-21,288.9783333333333
2014-07-22,289.3374999999999
2014-07-23,289.6175
2014-07-24,287.94448969583334
2014-07-25,288.9862425125
2014-07-26,290.3808333333333
2014-07-27,291.6263604375
2014-07-28,293.49806221250003
2014-07-29,294.3750416666666
2014-07-30,293.83815814583335
2014-07-31,293.5605811625
2014-08-01,293.7873661416666
2014-08-02,294.1407524083333
2014-08-03,294.70543204583333
2014-08-04,296.0528667166666
2014-08-05,292.5741666666667
2014-08-06,292.46000000000004
2014-08-07,292.5999432041666
2014-08-08,291.73166198333337
2014-08-09,291.43960416666664
2014-08-10,293.051
2014-08-11,296.6488333333334
2014-08-12,296.46993749999996
2014-08-13,293.0174791666667
2014-08-14,291.3124583333333
2014-08-15,292.40735416666666
2014-08-16,292.38795833333336
2014-08-17,293.07535416666667
2014-08-18,293.87499999999994
2014-08-19,294.855
2014-08-20,291.85358333333335
2014-08-21,289.6823125
2014-08-22,289.82097916666675
2014-08-23,290.7587708333333
2014-08-24,291.7181041666667
2014-08-25,292.10572916666666
2014-08-26,293.11545833333327
2014-08-27,294.6397083333334
2014-08-28,293.20947916666665
2014-08-29,291.07160416666665
2014-08-30,289.83945833333337
2014-08-31,289.0769583333333
2014-09-01,289.17743749999994
2014-09-02,290.27208333333334
2014-09-03,288.13593750000007
2014-09-04,287.67068750000004
2014-09-05,291.1571875
2014-09-06,292.59670833333325
2014-09-07,292.5273958333333
2014-09-08,291.18412500000005
2014-09-09,289.7018541666667
2014-09-10,288.8691666666667
2014-09-11,289.3522708333333
2014-09-12,289.7651666666667
2014-09-13,291.5789375
2014-09-14,290.98143749999997
2014-09-15,291.6855416666667
2014-09-16,292.5018541666667
2014-09-17,290.79372916666676
2014-09-18,290.8326041666666
2014-09-19,291.3504583333333
2014-09-20,290.864125
2014-09-21,291.7370416666666
2014-09-22,292.250875
2014-09-23,289.83133333333336
2014-09-24,289.15668750000003
2014-09-25,288.0025625
2014-09-26,287.1583958333333
2014-09-27,286.99645833333335
2014-09-28,287.1541666666667
2014-09-29,286.85085416666664
2014-09-30,286.1450208333333
2014-10-01,285.873
2014-10-02,284.6273958333333
2014-10-03,285.43310416666674
2014-10-04,287.3400208333333
2014-10-05,287.4964791666667
2014-10-06,288.8593958333334
2014-10-07,289.887875
2014-10-08,288.6553333333333
2014-10-09,287.10156250000006
2014-10-10,286.240875
2014-10-11,287.9390625
2014-10-12,285.5054999999999
2014-10-13,286.4855833333334
2014-10-14,286.2968541666666
2014-10-15,284.8416041666667
2014-10-16,285.31104166666665
2014-10-17,286.28531250000003
2014-10-18,288.2795625
2014-10-19,288.3496458333333
2014-10-20,287.99614583333323
2014-10-21,286.12870833333335
2014-10-22,286.7935833333333
2014-10-23,284.6861666666667
2014-10-24,283.4139791666667
2014-10-25,284.06416666666667
2014-10-26,284.04541666666665
2014-10-27,281.4854166666667
2014-10-28,283.9985
2014-10-29,286.0026666666667
2014-10-30,284.362
2014-10-31,284.4556875
2014-11-01,280.724625
2014-11-02,280.8418958333333
2014-11-03,284.2946666666667
2014-11-04,285.3405833333333
2014-11-05,283.7477708333334
2014-11-06,285.7298125000001
2014-11-07,283.88224999999994
2014-11-08,280.8796875
2014-11-09,281.72270833333334
2014-11-10,279.6901875000001
2014-11-11,278.0074375000001
2014-11-12,275.6187291666666
2014-11-13,274.522125
2014-11-14,272.7922916666667
2014-11-15,273.65364583333337
2014-11-16,273.0641041666667
2014-11-17,273.55800000000005
2014-11-18,273.5642083333333
2014-11-19,276.4150833333333
2014-11-20,279.41306249999997
2014-11-21,281.5006666666668
2014-11-22,281.4102708333333
2014-11-23,281.35762500000004
2014-11-24,279.7540833333334
2014-11-25,283.9245833333334
2014-11-26,285.9103750000001
2014-11-27,285.6891041666666
2014-11-28,284.41960416666666
2014-11-29,276.52922916666665
2014-11-30,270.4427291666667
2014-12-01,270.3785625
2014-12-02,271.3564583333333
2014-12-03,273.2543333333333
2014-12-04,275.3591666666667
2014-12-05,277.3403333333334
2014-12-06,279.3234791666667
2014-12-07,279.9484166666667
2014-12-08,279.4358958333333
2014-12-09,285.0833125
2014-12-10,285.80597916666665
2014-12-11,283.17260416666664
2014-12-12,282.92839583333335
2014-12-13,279.8374791666666
2014-12-14,277.06577083333326
2014-12-15,276.7995208333333
2014-12-16,278.783625
2014-12-17,277.1605
2014-12-18,278.8617708333333
2014-12-19,281.33293749999996
2014-12-20,280.90233333333333
2014-12-21,283.9216458333333
2014-12-22,281.461125
2014-12-23,279.70564583333334
2014-12-24,279.69262499999996
2014-12-25,276.997875
2014-12-26,275.5106041666667
2014-12-27,276.26658333333336
2014-12-28,278.04920833333335
2014-12-29,275.5758333333334
2014-12-30,272.79020833333334
2014-12-31,270.28856250000007
2015-01-01,271.03260416666666
2015-01-02,272.2011875
2015-01-03,275.9022708333333
2015-01-04,275.9301249999999
2015-01-05,283.37275
2015-01-06,281.8607916666666
2015-01-07,278.2895
2015-01-08,277.84416666666664
2015-01-09,277.8485208333334
2015-01-10,277.7149375
2015-01-11,279.2015416666667
2015-01-12,279.9952083333333
2015-01-13,277.2253125
2015-01-14,276.0341249999999
2015-01-15,274.98029166666674
2015-01-16,280.9169791666667
2015-01-17,276.7116458333333
2015-01-18,282.2297916666666
2015-01-19,280.72520833333334
2015-01-20,278.833375
2015-01-21,276.64491666666663
2015-01-22,278.34191666666663
2015-01-23,280.7048125
2015-01-24,284.7032708333333
2015-01-25,283.70972916666665
2015-01-26,281.519875
2015-01-27,282.93483333333336
2015-01-28,281.39633333333336
2015-01-29,279.31233333333336
2015-01-30,278.02893750000004
2015-01-31,277.30724999999995
2015-02-01,278.7795833333333
2015-02-02,279.6569375000001
2015-02-03,280.9565416666666
2015-02-04,279.5023125
2015-02-05,282.08308333333343
2015-02-06,285.74639583333334
2015-02-07,283.8872291666667
2015-02-08,283.35685416666666
2015-02-09,283.0724166666667
2015-02-10,283.02377083333334
2015-02-11,280.75558333333333
2015-02-12,282.49806250000006
2015-02-13,282.7086666666667
2015-02-14,283.199625
2015-02-15,280.89270833333325
2015-02-16,280.5974791666667
2015-02-17,280.76224999999994
2015-02-18,280.3549583333333
2015-02-19,281.2677291666667
2015-02-20,281.31460416666664
2015-02-21,280.6479375
2015-02-22,278.4241875000001
2015-02-23,277.56802083333326
2015-02-24,277.9589375000001
2015-02-25,278.99793750000003
2015-02-26,280.72529166666664
2015-02-27,280.2348958333334
2015-02-28,280.17562499999997
2015-03-01,277.5222916666667
2015-03-02,279.86812499999996
2015-03-03,277.5259166666667
2015-03-04,276.2224166666666
2015-03-05,277.64318749999995
2015-03-06,278.8400625
2015-03-07,279.5726875
2015-03-08,280.72325
2015-03-09,281.07812500000006
2015-03-10,280.31027083333333
2015-03-11,282.64833333333337
2015-03-12,284.6854166666666
2015-03-13,283.4984375000001
2015-03-14,285.28175
2015-03-15,282.28831249999996
2015-03-16,281.0234166666667
2015-03-17,281.78112500000003
2015-03-18,282.0160416666667
2015-03-19,282.39308333333327
2015-03-20,283.8426875
2015-03-21,284.07535416666667
2015-03-22,281.51062499999995
2015-03-23,280.93475
2015-03-24,280.542125
2015-03-25,280.28806250000014
2015-03-26,284.7740416666666
2015-03-27,285.31414583333327
2015-03-28,284.62475000000006
2015-03-29,283.34762500000005
2015-03-30,284.04929166666665
2015-03-31,284.0549791666666
2015-04-01,280.963375
2015-04-02,279.7971041666667
2015-04-03,280.8076875
2015-04-04,280.54995833333334
2015-04-05,280.2609166666667
2015-04-06,281.7443958333334
2015-04-07,281.97510416666665
2015-04-08,282.1282708333334
2015-04-09,281.79877083333344
2015-04-10,282.73895833333336
2015-04-11,281.2357083333333
2015-04-12,281.2459791666667
2015-04-13,281.8153125
2015-04-14,279.39462499999996
2015-04-15,280.2723333333333
2015-04-16,281.41866666666664
2015-04-17,284.2006875000001
2015-04-18,285.37920833333334
2015-04-19,285.50474999999994
2015-04-20,286.6042916666666
2015-04-21,286.50383333333326
2015-04-22,283.39841666666666
2015-04-23,282.12854166666665
2015-04-24,281.50466666666665
2015-04-25,281.73752083333335
2015-04-26,281.37025
2015-04-27,286.0491666666666
2015-04-28,287.8196388875
2015-04-29,283.61395486250007
2015-04-30,284.8097291666667
2015-05-01,286.0129999999999
2015-05-02,286.4240208333334
2015-05-03,285.27227083333327
2015-05-04,285.4274791666667
2015-05-05,284.10764583333327
2015-05-06,282.6380208333333
2015-05-07,284.3431041666666
2015-05-08,286.50139583333333
2015-05-09,288.4720208333333
2015-05-10,289.3990833333333
2015-05-11,287.5703958333333
2015-05-12,286.03243750000007
2015-05-13,284.77797916666674
2015-05-14,284.76089583333334
2015-05-15,286.2120208333334
2015-05-16,287.0346458333333
2015-05-17,286.5283125
2015-05-18,288.886375
2015-05-19,290.3323125
2015-05-20,290.28270833333335
2015-05-21,292.16562500000003
2015-05-22,291.5186875
2015-05-23,288.9810833333333
2015-05-24,287.6221041666667
2015-05-25,287.05425
2015-05-26,286.90687499999996
2015-05-27,288.84416666666664
2015-05-28,290.43910416666665
2015-05-29,291.9538125000001
2015-05-30,289.53839583333337
2015-05-31,288.8781041666666
2015-06-01,288.9889375
2015-06-02,286.5402708333333
2015-06-03,286.50766666666664
2015-06-04,288.35031250000003
2015-06-05,289.7663333333333
2015-06-06,291.6059375
2015-06-07,293.6566875
2015-06-08,295.3003541666667
2015-06-09,294.79224999999997
2015-06-10,292.5837291666666
2015-06-11,291.6934791666667
2015-06-12,290.52020811250003
2015-06-13,288.46808990833335
2015-06-14,289.9722921625
2015-06-15,292.8737470875
2015-06-16,292.2121875000001
2015-06-17,290.2474375
2015-06-18,291.4595208333333
2015-06-19,290.02945547916664
2015-06-20,289.73488680833333
2015-06-21,291.5382944541667
2015-06-22,291.65189866249995
2015-06-23,291.2572135875001
2015-06-24,293.0566075666666
2015-06-25,293.9276632666666
2015-06-26,295.6071964083334
2015-06-27,296.23375
2015-06-28,296.6061373041667
2015-06-29,295.43764709166675
2015-06-30,294.1947102
2015-07-01,295.16077874166666
2015-07-02,297.1770833333333
2015-07-03,297.6600000000001
2015-07-04,296.5304166666666
2015-07-05,296.94
2015-07-06,295.6583333333333
2015-07-07,292.2895833333334
2015-07-08,293.27
2015-07-09,293.65333333333336
2015-07-10,291.8658333333334
2015-07-11,291.32458333333335
2015-07-12,291.86671251666667
2015-07-13,292.4470833333333
2015-07-14,291.97166666666664
2015-07-15,292.47833333333335
2015-07-16,291.99125000000004
2015-07-17,291.8816666666666
2015-07-18,294.95750000000004
2015-07-19,298.8566666666666
2015-07-20,294.4420833333333
2015-07-21,291.59291666666667
2015-07-22,290.17541666666676
2015-07-23,291.0254166666667
2015-07-24,290.6912500000001
2015-07-25,290.4591666666667
2015-07-26,289.46791666666667
2015-07-27,288.61083333333335
2015-07-28,291.4720833333334
2015-07-29,293.644884225
2015-07-30,296.28999999999996
2015-07-31,297.01725162500003
2015-08-01,295.9729166666667
2015-08-02,295.64291666666674
2015-08-03,294.94250000000005
2015-08-04,292.1695833333333
2015-08-05,290.4115801625
2015-08-06,290.80208333333337
2015-08-07,292.0058333333333
2015-08-08,292.9445833333334
2015-08-09,292.37208333333336
2015-08-10,294.1774130375
2015-08-11,294.1983333333333
2015-08-12,294.89958333333334
2015-08-13,294.7079166666667
2015-08-14,291.5683333333333
2015-08-15,289.16666666666663
2015-08-16,290.0983333333333
2015-08-17,291.22307834583336
2015-08-18,293.23875
2015-08-19,295.3279166666667
2015-08-20,292.90083333333325
2015-08-21,289.93291666666664
2015-08-22,289.72269292083337
2015-08-23,291.4879166666667
2015-08-24,290.95625
2015-08-25,289.81166666666667
2015-08-26,291.3437296125
2015-08-27,293.6758333333333
2015-08-28,293.53375000000005
2015-08-29,291.64467728333335
2015-08-30,288.71517512916665
2015-08-31,289.82833333333343
2015-09-01,289.6982122708334
2015-09-02,288.0647384208334
2015-09-03,286.4104166666667
2015-09-04,285.6425
2015-09-05,285.7670833333333
2015-09-06,286.87375
2015-09-07,288.3904166666667
2015-09-08,289.7195833333333
2015-09-09,290.3925
2015-09-10,290.59291666666667
2015-09-11,292.02124999999995
2015-09-12,292.1816666666667
2015-09-13,290.8058333333333
2015-09-14,286.6994896416667
2015-09-15,285.8283333333333
2015-09-16,286.6215439291666
2015-09-17,287.7295833333333
2015-09-18,288.0466666666667
2015-09-19,289.7683333333334
2015-09-20,292.0383333333333
2015-09-21,287.9242836583333
2015-09-22,285.33692620000005
2015-09-23,285.3560421291666
2015-09-24,288.9424826875
2015-09-25,288.04668284583335
2015-09-26,286.1834899541667
2015-09-27,284.16845323333337
2015-09-28,285.58013949166667
2015-09-29,286.75999139999993
2015-09-30,286.4669081666666
2015-10-01,286.3058149083334
2015-10-02,286.3310837083333
2015-10-03,286.6576384416667
2015-10-04,286.9646224416667
2015-10-05,287.1843693416667
2015-10-06,286.93402039166665
2015-10-07,287.31490067500005
2015-10-08,287.77432947083327
2015-10-09,288.21239979583333
2015-10-10,290.40589158333336
2015-10-11,286.91800949583336
2015-10-12,286.6715961958334
2015-10-13,287.2079166666667
2015-10-14,284.45122703749996
2015-10-15,285.20293965416664
2015-10-16,285.5547015458333
2015-10-17,286.7928624625
2015-10-18,286.8764825583334
2015-10-19,287.8165953541665
2015-10-20,286.8596057
2015-10-21,284.37277115
2015-10-22,285.04340079583335
2015-10-23,282.0447827166667
2015-10-24,283.40349999999995
2015-10-25,283.40812500000004
2015-10-26,285.3469166666667
2015-10-27,283.7057758
2015-10-28,284.68006174166663
2015-10-29,286.0098916166666
2015-10-30,287.1811572916667
2015-10-31,287.22394565833326
2015-11-01,284.53822315
2015-11-02,283.25237125833326
2015-11-03,281.1349434833333
2015-11-04,278.4930572583333
2015-11-05,281.99907292916663
2015-11-06,282.3067778708333
2015-11-07,284.52498490833335
2015-11-08,282.78163102083334
2015-11-09,281.1552536666666
2015-11-10,279.2234660291667
2015-11-11,282.1903945041667
2015-11-12,279.8236733541667
2015-11-13,284.51076831666666
2015-11-14,282.32664635
2015-11-15,278.7706486375
2015-11-16,277.15702948750004
2015-11-17,283.38554676666666
2015-11-18,280.8242144333334
2015-11-19,279.69353287916664
2015-11-20,275.68336636666663
2015-11-21,275.35853710833334
2015-11-22,275.90353571249995
2015-11-23,275.83266741250003
2015-11-24,277.82231980833325
2015-11-25,276.6557379833334
2015-11-26,274.4967014958333
2015-11-27,274.1183445083332
2015-11-28,273.3692338666666
2015-11-29,272.55214001666667
2015-11-30,272.09437907916663
2015-12-01,277.8112092416667
2015-12-02,279.2319569333334
2015-12-03,282.1521642541667
2015-12-04,281.8538977458333
2015-12-05,281.02737886666665
2015-12-06,282.3908271166666
2015-12-07,283.00692739999994
2015-12-08,284.66358384166665
2015-12-09,284.2335525708333
2015-12-10,281.69798086250006
2015-12-11,279.6294625625
2015-12-12,279.4726106291667
2015-12-13,280.4401779541667
2015-12-14,278.496005725
2015-12-15,275.2721295916667
2015-12-16,278.1030821625001
2015-12-17,276.4466928416667
2015-12-18,279.1704333541666
2015-12-19,277.92552949583336
2015-12-20,279.4437620125
2015-12-21,277.5011818166667
2015-12-22,277.27551094166665
2015-12-23,277.1049067166666
2015-12-24,276.618118275
2015-12-25,276.21792295833336
2015-12-26,275.0384533333333
2015-12-27,275.8336319541667
2015-12-28,276.036807525
2015-12-29,276.2050288791667
2015-12-30,273.88461225833333
2015-12-31,272.8730438208334
2016-01-01,272.3994391791667
2016-01-02,272.33819652499994
2016-01-03,272.5482289791667
2016-01-04,274.6200133583333
2016-01-05,276.13223360833337
2016-01-06,277.7729637375
2016-01-07,277.19796601666667
2016-01-08,277.0642868666667
2016-01-09,275.54153805833334
2016-01-10,277.6140461541667
2016-01-11,275.10522885
2016-01-12,278.8793006708333
2016-01-13,281.50256637083334
2016-01-14,278.09348071249997
2016-01-15,276.7045790291666
2016-01-16,280.3459833708333
2016-01-17,280.99133106666676
2016-01-18,280.9166383416667
2016-01-19,279.9121051208334
2016-01-20,279.62016880416667
2016-01-21,280.82449379583335
2016-01-22,283.3347984791667
2016-01-23,280.00260965
2016-01-24,279.5082071
2016-01-25,278.46191047499997
2016-01-26,282.16613500833336
2016-01-27,284.49419170416667
2016-01-28,284.60989664166664
2016-01-29,280.6330090708333
2016-01-30,278.39658737916665
2016-01-31,277.67323845000004
2016-02-01,277.93313209166666
2016-02-02,277.39947829166664
2016-02-03,278.73443839583337
2016-02-04,279.91093542083325
2016-02-05,280.5635646708333
2016-02-06,280.4025
2016-02-07,277.56208333333336
2016-02-08,279.5058333333333
2016-02-09,280.953832675
2016-02-10,282.59642138749996
2016-02-11,282.86180752083334
2016-02-12,284.10008765000003
2016-02-13,281.5358974624999
2016-02-14,281.95690136666667
2016-02-15,283.972738475
2016-02-16,283.5834664458333
2016-02-17,283.34146637083336
2016-02-18,281.99533317083336
2016-02-19,280.853836575
2016-02-20,278.9037618375
2016-02-21,277.52746622916663
2016-02-22,279.7251863166668
2016-02-23,278.14021675833334
2016-02-24,281.68225743333335
2016-02-25,281.51908105416675
2016-02-26,282.6321944083333
2016-02-27,282.8910807291666
2016-02-28,281.7862232208334
2016-02-29,280.3162753958333
2016-03-01,281.65954354583323
2016-03-02,281.58716696666664
2016-03-03,283.6157066666667
2016-03-04,281.81004124166674
2016-03-05,283.88343015833345
2016-03-06,284.5314501958334
2016-03-07,280.09177365
2016-03-08,279.16532904999997
2016-03-09,280.39705914583334
2016-03-10,283.199378
2016-03-11,279.36389563750004
2016-03-12,281.20656460000004
2016-03-13,279.59008459166665
2016-03-14,278.8954237541667
2016-03-15,278.4764220083333
2016-03-16,279.4837278125
2016-03-17,278.8651987291667
2016-03-18,281.75459237499996
2016-03-19,284.33981579999994
2016-03-20,284.3058103458333
2016-03-21,282.8311177208334
2016-03-22,281.7836908291667
2016-03-23,282.0768636666666
2016-03-24,281.0016146916667
2016-03-25,280.78867238333333
2016-03-26,281.0216539041667
2016-03-27,282.7656801916667
2016-03-28,279.5460049958333
2016-03-29,280.78887470833337
2016-03-30,283.8511567583334
2016-03-31,285.8851771916667
2016-04-01,286.6167901708333
2016-04-02,285.3749228458333
2016-04-03,284.63993719166666
2016-04-04,285.30447920833336
2016-04-05,282.013987675
2016-04-06,283.383096175
2016-04-07,287.4467910166666
2016-04-08,289.7730411958333
2016-04-09,285.9777639833333
2016-04-10,284.4022285041666
2016-04-11,284.06752563333333
2016-04-12,284.0348221125
2016-04-13,281.74353995
2016-04-14,282.6663529833333
2016-04-15,283.27941726666666
2016-04-16,283.52321082500004
2016-04-17,286.8750656083334
2016-04-18,291.6120989791667
2016-04-19,292.64107963333333
2016-04-20,291.21196085416665
2016-04-21,290.16095032083336
2016-04-22,287.4843183208333
2016-04-23,285.2966017208333
2016-04-24,283.6152546916666
2016-04-25,281.99023843333333
2016-04-26,282.6174258583333
2016-04-27,283.9415218958333
2016-04-28,285.18539445000005
2016-04-29,284.37916666666666
2016-04-30,284.75166666666667
2016-05-01,287.4483333333333
2016-05-02,292.41666666666663
2016-05-03,291.76916666666665
2016-05-04,286.34875
2016-05-05,286.12583333333333
2016-05-06,288.47416666666663
2016-05-07,291.1045833333333
2016-05-08,287.61291666666665
2016-05-09,284.8895833333333
2016-05-10,287.1354166666667
2016-05-11,289.90000000000003
2016-05-12,289.5458333333333
2016-05-13,290.48875000000004
2016-05-14,288.83
2016-05-15,285.2266666666667
2016-05-16,285.4060467041666
2016-05-17,287.28333333333336
2016-05-18,287.6254166666667
2016-05-19,284.70750000000004
2016-05-20,285.18999999999994
2016-05-21,285.87041666666664
2016-05-22,285.8666666666667
2016-05-23,286.58666666666676
2016-05-24,287.2277928166667
2016-05-25,287.21221874583335
2016-05-26,285.92888347499996
2016-05-27,285.0305932666667
2016-05-28,285.1366912916667
2016-05-29,286.0655493375
2016-05-30,286.32596057916675
2016-05-31,289.44525340416675
2016-06-01,291.4160382791667
2016-06-02,289.27159389999997
2016-06-03,290.6825
2016-06-04,294.0233333333333
2016-06-05,296.645
2016-06-06,296.5204166666666
2016-06-07,293.045
2016-06-08,289.97749999999996
2016-06-09,286.43083333333334
2016-06-10,285.80000000000007
2016-06-11,285.23499999999996
2016-06-12,286.8641666666666
2016-06-13,286.60541666666666
2016-06-14,283.94458333333336
2016-06-15,283.93333333333334
2016-06-16,286.13208333333336
2016-06-17,286.5258333333333
2016-06-18,285.7745833333334
2016-06-19,286.6795833333333
2016-06-20,289.2495833333333
2016-06-21,288.9841666666667
2016-06-22,289.065
2016-06-23,288.1291666666667
2016-06-24,286.74958333333336
2016-06-25,288.70541666666674
2016-06-26,290.7241666666667
2016-06-27,293.5516666666667
2016-06-28,290.53041666666667
2016-06-29,289.5458333333333
2016-06-30,289.21880254999996
2016-07-01,289.56166666666667
2016-07-02,291.5216666666667
2016-07-03,289.3095833333333
2016-07-04,288.6333333333334
2016-07-05,287.63416666666666
2016-07-06,289.26125
2016-07-07,290.53041666666667
2016-07-08,289.71750000000003
2016-07-09,289.5604166666667
2016-07-10,289.26124999999996
2016-07-11,288.9916666666667
2016-07-12,290.4086196583333
2016-07-13,289.99602895
2016-07-14,291.047875
2016-07-15,291.82766666666674
2016-07-16,291.46245833333325
2016-07-17,291.61574999999993
2016-07-18,291.1170833333333
2016-07-19,294.18800000000005
2016-07-20,294.1958333333333
2016-07-21,292.5159166666666
2016-07-22,291.37875
2016-07-23,289.9991666666666
2016-07-24,290.9458333333334
2016-07-25,293.34666666666664
2016-07-26,291.80208333333337
2016-07-27,292.1125
2016-07-28,294.5320833333334
2016-07-29,295.6408333333334
2016-07-30,292.64791666666673
2016-07-31,290.1691666666667
2016-08-01,289.1466666666666
2016-08-02,289.7408333333333
2016-08-03,289.60916666666657
2016-08-04,290.70750000000004
2016-08-05,291.2075
2016-08-06,288.74791666666664
2016-08-07,288.3304166666667
2016-08-08,288.27333333333337
2016-08-09,289.31087499999995
2016-08-10,290.8356666666666
2016-08-11,291.89166666666665
2016-08-12,294.2275
2016-08-13,296.10583333333335
2016-08-14,293.09291666666667
2016-08-15,292.2970833333334
2016-08-16,291.26125
2016-08-17,291.73125
2016-08-18,293.82125
2016-08-19,298.1820833333333
2016-08-20,297.2820833333332
2016-08-21,293.2370833333334
2016-08-22,289.295
2016-08-23,289.7695833333334
2016-08-24,292.5139120375
2016-08-25,295.1645833333334
2016-08-26,296.5279166666667
2016-08-27,294.5879166666667
2016-08-28,289.47125
2016-08-29,289.83333333333337
2016-08-30,290.6166666666666
2016-08-31,289.6341666666667
2016-09-01,288.93748384166673
2016-09-02,288.05625000000003
2016-09-03,287.8491666666667
2016-09-04,287.1608333333333
2016-09-05,287.8358333333333
2016-09-06,287.87916666666666
2016-09-07,288.9183333333333
2016-09-08,288.8175
2016-09-09,288.2041666666667
2016-09-10,289.56125
2016-09-11,289.2066666666667
2016-09-12,288.1154166666667
2016-09-13,288.9291666666666
2016-09-14,289.4075
2016-09-15,288.38375
2016-09-16,288.60333333333335
2016-09-17,289.36500000000007
2016-09-18,287.81517484999995
2016-09-19,288.47791666666666
2016-09-20,286.00459974583345
2016-09-21,286.4912621708333
2016-09-22,285.9003107083333
2016-09-23,286.0116666666666
2016-09-24,286.88458333333335
2016-09-25,289.44081125416665
2016-09-26,290.04312716250007
2016-09-27,290.21308882499994
2016-09-28,286.44166666666666
2016-09-29,284.5291666666667
2016-09-30,284.23125
2016-10-01,285.03583333333336
2016-10-02,284.4033333333333
2016-10-03,284.91875
2016-10-04,284.80041666666665
2016-10-05,284.6674166666667
2016-10-06,284.9431249999999
2016-10-07,285.75337499999995
2016-10-08,285.55889234583327
2016-10-09,286.25254166666673
2016-10-10,282.9470833333333
2016-10-11,281.96174999999994
2016-10-12,280.93054166666667
2016-10-13,284.80829166666655
2016-10-14,285.3612102541667
2016-10-15,284.55187253750006
2016-10-16,284.9092036916667
2016-10-17,284.3474166666667
2016-10-18,283.52475
2016-10-19,283.6279082708334
2016-10-20,284.6071946458333
2016-10-21,283.81321905833335
2016-10-22,283.7554166666667
2016-10-23,284.0221666666665
2016-10-24,285.4482916666667
2016-10-25,284.92412500000006
2016-10-26,284.1169166666668
2016-10-27,285.10745833333334
2016-10-28,284.37054166666667
2016-10-29,283.03412499999996
2016-10-30,281.4429583333333
2016-10-31,282.7712083333334
2016-11-01,283.32729166666667
2016-11-02,284.60041666666666
2016-11-03,284.9700000000001
2016-11-04,282.91208333333327
2016-11-05,286.28375
2016-11-06,284.7958333333333
2016-11-07,285.2504166666667
2016-11-08,285.81458333333336
2016-11-09,287.395
2016-11-10,284.88875
2016-11-11,285.5895833333332
2016-11-12,286.79875
2016-11-13,283.00416666666655
2016-11-14,284.81
2016-11-15,283.04833333333335
2016-11-16,280.3958333333333
2016-11-17,280.24999999999994
2016-11-18,278.6145833333333
2016-11-19,281.87749999999994
2016-11-20,284.2537499999999
2016-11-21,282.2425
2016-11-22,281.19708333333335
2016-11-23,280.6120833333334
2016-11-24,281.2785474583333
2016-11-25,280.7200000000001
2016-11-26,281.72833333333335
2016-11-27,279.7604166666667
2016-11-28,280.0458333333333
2016-11-29,280.44250000000005
2016-11-30,280.6601641958334
2016-12-01,279.34083333333325
2016-12-02,280.1811735958333
2016-12-03,280.79875
2016-12-04,279.32011342083325
2016-12-05,275.65457234166666
2016-12-06,274.82517517083335
2016-12-07,272.63756717916664
2016-12-08,272.2437499999999
2016-12-09,273.5416666666667
2016-12-10,276.04
2016-12-11,277.8949999999999
2016-12-12,277.1916666666666
2016-12-13,276.0599999999999
2016-12-14,273.6454166666667
2016-12-15,273.80541666666664
2016-12-16,273.0360693416667
2016-12-17,269.27724490833333
2016-12-18,271.89385115
2016-12-19,276.6975637
2016-12-20,280.185
2016-12-21,277.25208333333336
2016-12-22,275.29875000000004
2016-12-23,276.65916666666664
2016-12-24,274.80625
2016-12-25,274.0854166666666
2016-12-26,274.2833333333333
2016-12-27,277.7475
2016-12-28,277.32083333333327
2016-12-29,277.7383333333334
2016-12-30,277.8733333333333
2016-12-31,273.52833333333336
2017-01-01,274.6866666666666
2017-01-02,273.51416666666665
2017-01-03,270.84291666666667
2017-01-04,271.65541666666667
2017-01-05,270.3775
2017-01-06,269.47708333333327
2017-01-07,271.2916666666667
2017-01-08,274.9620833333333
2017-01-09,276.60833333333335
2017-01-10,275.335
2017-01-11,273.12458333333336
2017-01-12,271.14625000000007
2017-01-13,271.0520833333333
2017-01-14,272.69666666666666
2017-01-15,272.81291666666675
2017-01-16,273.95708333333334
2017-01-17,278.5754166666666
2017-01-18,282.0095833333334
2017-01-19,281.10166666666663
2017-01-20,278.5425
2017-01-21,278.96458333333334
2017-01-22,278.90500000000003
2017-01-23,277.15333333333336
2017-01-24,274.98404166666666
2017-01-25,276.4704583333333
2017-01-26,278.50041666666664
2017-01-27,278.3591666666667
2017-01-28,278.36375000000004
2017-01-29,278.11958333333337
2017-01-30,279.95874999999995
2017-01-31,277.8508333333333
2017-02-01,275.1891666666666
2017-02-02,274.6429166666666
2017-02-03,275.28125000000006
2017-02-04,278.1566666666667
2017-02-05,277.0404166666668
2017-02-06,273.7608333333334
2017-02-07,274.14708333333334
2017-02-08,274.7125000000001
2017-02-09,279.68625
2017-02-10,281.21583333333336
2017-02-11,277.4591666666666
2017-02-12,276.6408333333333
2017-02-13,276.74139812083337
2017-02-14,276.55199055833344
2017-02-15,281.28275
2017-02-16,284.0505
2017-02-17,280.625875
2017-02-18,279.37241666666665
2017-02-19,278.4107916666667
2017-02-20,278.9308749999999
2017-02-21,278.4059451125
2017-02-22,277.30375000000004
2017-02-23,275.65333333333325
2017-02-24,275.6966666666666
2017-02-25,275.73625000000004
2017-02-26,276.66375
2017-02-27,275.90500000000003
2017-02-28,275.7854166666666
2017-03-01,279.5329166666666
2017-03-02,279.75124999999997
2017-03-03,281.03833333333336
2017-03-04,277.5779166666666
2017-03-05,276.86749999999995
2017-03-06,276.04458333333326
2017-03-07,275.7487499999999
2017-03-08,277.53541666666666
2017-03-09,277.28249999999997
2017-03-10,282.08458333333334
2017-03-11,279.9283333333333
2017-03-12,282.3495833333333
2017-03-13,282.6938712791666
2017-03-14,284.5704166666667
2017-03-15,283.35329656249996
2017-03-16,280.73083333333335
2017-03-17,278.38500000000005
2017-03-18,281.6579166666667
2017-03-19,277.4904166666666
2017-03-20,280.10583333333335
2017-03-21,281.6623586333333
2017-03-22,283.4358333333333
2017-03-23,280.9320833333333
2017-03-24,282.0941666666666
2017-03-25,281.0895833333334
2017-03-26,280.2966666666666
2017-03-27,281.3716666666666
2017-03-28,281.49066666666664
2017-03-29,282.67625
2017-03-30,281.22708333333327
2017-03-31,281.1816666666667
2017-04-01,283.1554166666666
2017-04-02,282.0079166666667
2017-04-03,280.25124999999997
2017-04-04,282.1075
2017-04-05,283.4291666666666
2017-04-06,283.07269159583325
2017-04-07,284.09457464583335
2017-04-08,281.0791666666666
2017-04-09,280.11666666666673
2017-04-10,282.26166666666666
2017-04-11,280.00416666666666
2017-04-12,283.47708333333327
2017-04-13,282.317449825
2017-04-14,280.55958333333336
2017-04-15,280.75083333333333
2017-04-16,282.82124999999996
2017-04-17,286.2654166666667
2017-04-18,284.39374999999995
2017-04-19,282.80541666666664
2017-04-20,283.0383333333333
2017-04-21,283.1670833333333
2017-04-22,286.57041666666674
2017-04-23,283.02458333333345
2017-04-24,281.82375
2017-04-25,283.2616666666666
2017-04-26,283.6475
2017-04-27,282.1487499999999
2017-04-28,282.3470833333334
2017-04-29,282.6454166666667
2017-04-30,283.3016666666667
2017-05-01,281.8654166666667
2017-05-02,283.22874999999993
2017-05-03,287.8329166666667
2017-05-04,289.64624999999995
2017-05-05,287.62041666666664
2017-05-06,282.6725
2017-05-07,283.34999999999997
2017-05-08,284.2766666666667
2017-05-09,285.7341666666666
2017-05-10,287.37625
2017-05-11,287.34666666666664
2017-05-12,281.9570833333334
2017-05-13,282.2604166666667
2017-05-14,282.9716666666667
2017-05-15,282.8366666666667
2017-05-16,281.56875
2017-05-17,282.84625
2017-05-18,285.00083333333333
2017-05-19,287.57250000000005
2017-05-20,289.09499999999997
2017-05-21,289.585
2017-05-22,291.55333333333334
2017-05-23,292.69125
2017-05-24,286.14416666666665
2017-05-25,285.7320833333333
2017-05-26,289.34166666666664
2017-05-27,292.41875
2017-05-28,293.41458333333327
2017-05-29,290.0566666666667
2017-05-30,287.2441666666667
2017-05-31,287.25708333333336
2017-06-01,289.19166666666666
2017-06-02,288.8058333333334
2017-06-03,288.66333333333336
2017-06-04,287.05083333333334
2017-06-05,286.7195833333334
2017-06-06,290.70250000000004
2017-06-07,292.7391666666667
2017-06-08,289.17625000000004
2017-06-09,285.9575
2017-06-10,285.13000000000005
2017-06-11,287.19
2017-06-12,287.52000000000004
2017-06-13,286.4154166666666
2017-06-14,286.5316666666667
2017-06-15,286.66375
2017-06-16,287.68916666666667
2017-06-17,287.1429166666666
2017-06-18,288.02875
2017-06-19,290.525
2017-06-20,291.86875
2017-06-21,288.5082499999999
2017-06-22,289.04166666666674
2017-06-23,291.2304166666666
2017-06-24,293.9150000000001
2017-06-25,297.58750000000003
2017-06-26,293.99625
2017-06-27,288.77416666666676
2017-06-28,288.9779166666666
2017-06-29,289.2495833333334
2017-06-30,292.15208333333334
2017-07-01,290.2695833333334
2017-07-02,289.739738025
2017-07-03,289.9029166666666
2017-07-04,289.25833333333327
2017-07-05,291.55375000000004
2017-07-06,293.2991666666666
2017-07-07,291.8458333333333
2017-07-08,290.8483333333333
2017-07-09,292.5604166666667
2017-07-10,291.4162030375
2017-07-11,289.04374999999993
2017-07-12,290.2229166666666
2017-07-13,291.14916666666664
2017-07-14,290.095
2017-07-15,291.68375
2017-07-16,289.75499999999994
2017-07-17,290.18958333333336
2017-07-18,292.2141666666667
2017-07-19,291.7191666666667
2017-07-20,291.97416666666663
2017-07-21,290.87083333333334
2017-07-22,294.3254166666666
2017-07-23,293.30833333333334
2017-07-24,292.0145833333334
2017-07-25,294.05125000000004
2017-07-26,293.5950000000001
2017-07-27,291.14666666666665
2017-07-28,290.7729166666666
2017-07-29,291.5683333333333
2017-07-30,293.2104166666667
2017-07-31,293.02333333333326
2017-08-01,294.72791666666666
2017-08-02,296.41958333333326
2017-08-03,297.29308333333336
2017-08-04,297.9033333333334
2017-08-05,294.2120833333333
2017-08-06,293.41125000000005
2017-08-07,293.455
2017-08-08,294.60416666666663
2017-08-09,295.3833333333334
2017-08-10,295.1745833333334
2017-08-11,293.9641666666667
2017-08-12,291.405
2017-08-13,291.37708333333336
2017-08-14,289.955
2017-08-15,290.07124999999996
2017-08-16,291.40079166666675
2017-08-17,292.1133333333333
2017-08-18,290.7229166666668
2017-08-19,292.00958333333335
2017-08-20,290.64041666666674
2017-08-21,291.72125
2017-08-22,294.35291666666666
2017-08-23,292.73958333333337
2017-08-24,290.87416666666667
2017-08-25,289.4479166666667
2017-08-26,290.94916666666666
2017-08-27,293.78000000000003
2017-08-28,295.25750000000005
2017-08-29,295.85166666666663
2017-08-30,292.37958333333336
2017-08-31,292.67625000000004
2017-09-01,291.69166666666666
2017-09-02,294.53208333333333
2017-09-03,296.19625
2017-09-04,295.9370833333333
2017-09-05,296.6791666666666
2017-09-06,294.89875
2017-09-07,293.6683333333333
2017-09-08,292.44458333333336
2017-09-09,290.22
2017-09-10,289.49499999999995
2017-09-11,289.82958333333335
2017-09-12,292.1354166666666
2017-09-13,289.07875
2017-09-14,288.72499999999997
2017-09-15,288.2279166666667
2017-09-16,288.8641666666666
2017-09-17,288.42708333333337
2017-09-18,285.64666666666665
2017-09-19,284.7566666666666
2017-09-20,284.3079166666666
2017-09-21,284.6348421041667
2017-09-22,286.08875000000006
2017-09-23,287.8970833333333
2017-09-24,287.26666666666665
2017-09-25,288.9279166666666
2017-09-26,289.1425
2017-09-27,289.58208333333334
2017-09-28,291.84178851249993
2017-09-29,291.30875
2017-09-30,286.96250000000003
2017-10-01,285.41666666666663
2017-10-02,283.9216666666667
2017-10-03,284.35125
2017-10-04,284.95375
2017-10-05,284.54625
2017-10-06,284.95625000000007
2017-10-07,285.89875
2017-10-08,284.03666666666663
2017-10-09,282.5516666666666
2017-10-10,283.80875
2017-10-11,281.9925
2017-10-12,281.71458333333334
2017-10-13,281.41
2017-10-14,279.32716666666664
2017-10-15,282.2083333333333
2017-10-16,283.1133333333333
2017-10-17,285.31333333333333
2017-10-18,283.5054166666667
2017-10-19,285.7533333333333
2017-10-20,282.59375
2017-10-21,281.1458333333333
2017-10-22,285.71791666666667
2017-10-23,284.50666666666666
2017-10-24,284.0425
2017-10-25,283.10166666666663
2017-10-26,284.4558333333334
2017-10-27,283.56041666666664
2017-10-28,283.925
2017-10-29,283.5995833333334
2017-10-30,282.49291666666664
2017-10-31,280.51208333333335
2017-11-01,283.65375000000006
2017-11-02,281.7229166666666
2017-11-03,277.075
2017-11-04,275.70374999999996
2017-11-05,276.09458333333333
2017-11-06,275.7883333333333
2017-11-07,276.51499999999993
2017-11-08,280.6208741666666
2017-11-09,280.55027484166663
2017-11-10,280.37708333333336
2017-11-11,279.2902610208333
2017-11-12,283.25583333333327
2017-11-13,283.19708333333335
2017-11-14,281.5916666666666
2017-11-15,282.5167035666667
2017-11-16,279.715
2017-11-17,279.2920833333334
2017-11-18,280.5704166666667
2017-11-19,280.21125
2017-11-20,281.09458333333333
2017-11-21,278.59250000000003
2017-11-22,287.8258333333333
2017-11-23,287.5325000000001
2017-11-24,282.07666666666677
2017-11-25,280.9941666666666
2017-11-26,282.5766666666666
2017-11-27,279.8541666666667
2017-11-28,280.0941666666667
2017-11-29,279.2729166666666
2017-11-30,283.04
